frame,sample_token,ann_token,class,camera_hit,lidar_hit,fusion_union_hit,both_hit
0,3e8750f331d7499e9b5123e9eb70f2e2,c0571ecf3f9a461db18a70f9a6883e4f,pedestrian,0,0,0,0
0,3e8750f331d7499e9b5123e9eb70f2e2,7381b60a2a9147518294969bf78412ec,pedestrian,1,1,1,1
0,3e8750f331d7499e9b5123e9eb70f2e2,cfc30e8bba1d43b3a32e8292adc4e7fc,pedestrian,1,0,1,0
0,3e8750f331d7499e9b5123e9eb70f2e2,aac73ca93415480bace117bd91ff1030,car,1,0,1,0
0,3e8750f331d7499e9b5123e9eb70f2e2,7603b030b42a4b1caa8c443ccc1a7d52,pedestrian,0,1,1,0
0,3e8750f331d7499e9b5123e9eb70f2e2,0fa89bf4cb7b4a0a9ea2b00b1e66621f,pedestrian,1,0,1,0
0,3e8750f331d7499e9b5123e9eb70f2e2,a094511594c64d46bf8ed93e5ea894cf,pedestrian,0,0,0,0
0,3e8750f331d7499e9b5123e9eb70f2e2,c62ea4d22c154123acebe8b12b57c2d7,pedestrian,0,0,0,0
0,3e8750f331d7499e9b5123e9eb70f2e2,5d26fc16931b410897dc379865a39ed4,pedestrian,1,1,1,1
0,3e8750f331d7499e9b5123e9eb70f2e2,a977de149680431ca2c0c462132db5e2,car,1,0,1,0
0,3e8750f331d7499e9b5123e9eb70f2e2,6eb36da411e94447978f45dd93d72e3d,pedestrian,0,0,0,0
0,3e8750f331d7499e9b5123e9eb70f2e2,7281c1d5d94740de8a9dfd73143b19df,pedestrian,0,0,0,0
0,3e8750f331d7499e9b5123e9eb70f2e2,87cb8197fbe84a1f9c6d9a25b5f854b7,pedestrian,0,0,0,0
0,3e8750f331d7499e9b5123e9eb70f2e2,b79ed739e23c47acb269731412eeeace,pedestrian,0,0,0,0
1,3950bd41f74548429c0f7700ff3d8269,d08b8c6ecc6b4824aa890ffac8a288a8,pedestrian,0,1,1,0
1,3950bd41f74548429c0f7700ff3d8269,9c2cd11180d143b78963ffc0d638af46,pedestrian,1,0,1,0
1,3950bd41f74548429c0f7700ff3d8269,07a89c2afaab440a9ed3b830fc674b62,pedestrian,0,0,0,0
1,3950bd41f74548429c0f7700ff3d8269,723a16467b2d4ac2bc8d2052c908a858,pedestrian,0,1,1,0
1,3950bd41f74548429c0f7700ff3d8269,d9a78a045f674ac0bb97a3c108821a76,car,1,1,1,1
1,3950bd41f74548429c0f7700ff3d8269,71cbaa6a12454e6f829e96497ab5a14e,car,0,0,0,0
1,3950bd41f74548429c0f7700ff3d8269,c49da4edbb4147dba37507ca4e8ce982,pedestrian,0,1,1,0
1,3950bd41f74548429c0f7700ff3d8269,ba34282cc56e43b38d9666a8195e8664,pedestrian,1,0,1,0
1,3950bd41f74548429c0f7700ff3d8269,52b9b514aac04aa18f6655f4445019a9,pedestrian,0,0,0,0
1,3950bd41f74548429c0f7700ff3d8269,0068cad191b546d5a2bfa0e3aa0b0aac,pedestrian,1,0,1,0
1,3950bd41f74548429c0f7700ff3d8269,bf9391180902443db3e8b0f7a9e479ae,car,1,0,1,0
1,3950bd41f74548429c0f7700ff3d8269,be5cd278332347ae8c333563076433f2,pedestrian,0,0,0,0
1,3950bd41f74548429c0f7700ff3d8269,d7de3c5643264508891ac5345a3860dc,pedestrian,0,0,0,0
1,3950bd41f74548429c0f7700ff3d8269,a09b7671935a4458893a1d3ae953ccb1,car,1,0,1,0
1,3950bd41f74548429c0f7700ff3d8269,28ba308c54154668886c8c8728dcc774,car,1,0,1,0
1,3950bd41f74548429c0f7700ff3d8269,5052c85848b346d592b82198b024de19,pedestrian,0,1,1,0
1,3950bd41f74548429c0f7700ff3d8269,5a3feb86a2a94ce1a5589f91333cc23d,pedestrian,0,0,0,0
1,3950bd41f74548429c0f7700ff3d8269,81dd2c9711564046bd01efa71fdb5177,pedestrian,0,1,1,0
1,3950bd41f74548429c0f7700ff3d8269,bf6e4471b63041058aff7be33c4dd248,pedestrian,1,0,1,0
2,c5f58c19249d4137ae063b0e9ecd8b8e,19c169986ce740c8ba990fda71b52970,pedestrian,0,0,0,0
2,c5f58c19249d4137ae063b0e9ecd8b8e,af73bfcc435e4b61b0ba8cf44751f0e2,pedestrian,0,0,0,0
2,c5f58c19249d4137ae063b0e9ecd8b8e,3a800b33378c49cca3d0b1db3adc8eb3,pedestrian,0,0,0,0
2,c5f58c19249d4137ae063b0e9ecd8b8e,ecaac4b6251146e1a5f2f4fd8083c8d6,car,1,1,1,1
2,c5f58c19249d4137ae063b0e9ecd8b8e,2e38e6e50f0145969af02dbaa44b1fd9,car,0,0,0,0
2,c5f58c19249d4137ae063b0e9ecd8b8e,ddad77e88d464c068372e83ec1cc850f,pedestrian,0,1,1,0
2,c5f58c19249d4137ae063b0e9ecd8b8e,ffc73fc7a137410b9c06b820467b7672,pedestrian,0,1,1,0
2,c5f58c19249d4137ae063b0e9ecd8b8e,675dc89fd0d34244b387a758bf755cae,pedestrian,0,0,0,0
2,c5f58c19249d4137ae063b0e9ecd8b8e,5a8299899de24c2da3f2af00157792b7,pedestrian,0,0,0,0
2,c5f58c19249d4137ae063b0e9ecd8b8e,da678cc6244b46018ab72a7b4301d460,car,0,0,0,0
2,c5f58c19249d4137ae063b0e9ecd8b8e,2cbf6571e16147d8b39756987642816e,car,0,0,0,0
2,c5f58c19249d4137ae063b0e9ecd8b8e,ef619edb6673452bbee17538ff653416,pedestrian,0,1,1,0
2,c5f58c19249d4137ae063b0e9ecd8b8e,6f3b2d27e5eb40b79565ceb42d127485,pedestrian,0,0,0,0
2,c5f58c19249d4137ae063b0e9ecd8b8e,683a3feab9334ac8894dd11348d9d7d3,car,1,0,1,0
2,c5f58c19249d4137ae063b0e9ecd8b8e,6ae217fb3b194e9da59d9e1a928cc251,car,1,0,1,0
2,c5f58c19249d4137ae063b0e9ecd8b8e,2ca9039c6b06448ebd5c4caf3b0aa6f7,pedestrian,1,1,1,1
2,c5f58c19249d4137ae063b0e9ecd8b8e,a95415294a794b9a952dddb9491ac5e0,pedestrian,0,0,0,0
2,c5f58c19249d4137ae063b0e9ecd8b8e,64c7fa6ede1b49a2b2acdaa70d547587,truck,0,0,0,0
2,c5f58c19249d4137ae063b0e9ecd8b8e,0eea86b9a65248bda54b78f36a0dd05d,pedestrian,0,1,1,0
2,c5f58c19249d4137ae063b0e9ecd8b8e,9a2cb1dcd89a48b6ae119ed0efc952e8,pedestrian,1,1,1,1
3,700c1a25559b4433be532de3475e58a9,0b6df6206d084eb8a03dc5eaba5bcef9,pedestrian,1,1,1,1
3,700c1a25559b4433be532de3475e58a9,d6c4f53fe7554de2b775d0b8131a74e0,pedestrian,0,0,0,0
3,700c1a25559b4433be532de3475e58a9,457dbccc69104ee487b3c5a7a11792f8,pedestrian,1,0,1,0
3,700c1a25559b4433be532de3475e58a9,57188b1579ec4d808986d225d7483df4,car,1,1,1,1
3,700c1a25559b4433be532de3475e58a9,ac8fe30dfaf94571b2eedd79a136fc6b,pedestrian,0,0,0,0
3,700c1a25559b4433be532de3475e58a9,a701eba4338744bbbd6b41b16ddcac06,car,1,0,1,0
3,700c1a25559b4433be532de3475e58a9,8451850afec44b35bce47318cebe8ca6,pedestrian,0,1,1,0
3,700c1a25559b4433be532de3475e58a9,abc10c7c8e3d4e2f8f58492df1973cf7,pedestrian,1,1,1,1
3,700c1a25559b4433be532de3475e58a9,90872328bd004787ab2836a90e7b14c6,pedestrian,1,1,1,1
3,700c1a25559b4433be532de3475e58a9,7d3d36af34b14848adb31e0efc2687e1,car,1,1,1,1
3,700c1a25559b4433be532de3475e58a9,5cbf498fba5a4c7fae9570a9c5b09519,car,0,0,0,0
3,700c1a25559b4433be532de3475e58a9,2663ddb2609d4b248b5da1937b9eb902,pedestrian,0,0,0,0
3,700c1a25559b4433be532de3475e58a9,81edf41d8cd14327b9ba98089b2b162a,pedestrian,0,0,0,0
3,700c1a25559b4433be532de3475e58a9,b2e17638073a4947823e5db324167d77,car,1,0,1,0
3,700c1a25559b4433be532de3475e58a9,d38568031c4f4e438df44dcf1d21d3d1,car,1,0,1,0
3,700c1a25559b4433be532de3475e58a9,93da7d413976408f983db6cfef71ca60,pedestrian,0,1,1,0
3,700c1a25559b4433be532de3475e58a9,b5886d64eee54a00b783228ba086b6fc,pedestrian,0,0,0,0
3,700c1a25559b4433be532de3475e58a9,746a400abc1b447fb0994e3eee871b5c,pedestrian,0,0,0,0
3,700c1a25559b4433be532de3475e58a9,8a7cda268ebe4c6196eb794ab2fab549,truck,0,0,0,0
3,700c1a25559b4433be532de3475e58a9,85a8bfd92b384d79813cc68de9cc83e5,pedestrian,1,0,1,0
3,700c1a25559b4433be532de3475e58a9,a84b035c04284206a00748b7c7d0fdaa,pedestrian,1,0,1,0
4,747aa46b9a4641fe90db05d97db2acea,c2f6100add57418a84e516f3bd65c2c5,pedestrian,0,1,1,0
4,747aa46b9a4641fe90db05d97db2acea,3d2e6f6eb7224f27b30b727f1d6f7349,pedestrian,1,1,1,1
4,747aa46b9a4641fe90db05d97db2acea,c4f78df403274c24a8fcedcc3d4cdc1e,car,1,1,1,1
4,747aa46b9a4641fe90db05d97db2acea,b9bd1a851ed546829d58c7bd83ce473b,pedestrian,0,0,0,0
4,747aa46b9a4641fe90db05d97db2acea,4fb917eb17954177a6aa96784ea2829c,car,1,0,1,0
4,747aa46b9a4641fe90db05d97db2acea,6bee55400eef48fe86e86bae68dc18b8,pedestrian,0,0,0,0
4,747aa46b9a4641fe90db05d97db2acea,88c701d859e4490d8c8c916ecce8b53b,pedestrian,1,1,1,1
4,747aa46b9a4641fe90db05d97db2acea,9fec083858f94a908f2958e46fb048ea,car,0,0,0,0
4,747aa46b9a4641fe90db05d97db2acea,b942a7c55d7b4a688a8b84002634d9eb,pedestrian,1,0,1,0
4,747aa46b9a4641fe90db05d97db2acea,100322a877924bb7aee1c27f66e4b983,car,1,1,1,1
4,747aa46b9a4641fe90db05d97db2acea,deb473e8aa1a4077804cf26252a1b232,car,1,0,1,0
4,747aa46b9a4641fe90db05d97db2acea,47b2b7e601ce4474ad87e7013dcfbfbc,pedestrian,0,0,0,0
4,747aa46b9a4641fe90db05d97db2acea,43b7dd4302b545ab87549483c7066a65,pedestrian,0,0,0,0
4,747aa46b9a4641fe90db05d97db2acea,f4e0710ff49a4e03b16142fb132966f5,pedestrian,0,0,0,0
4,747aa46b9a4641fe90db05d97db2acea,aebb9d3c9e29425b8b2f0205d96596c6,car,1,0,1,0
4,747aa46b9a4641fe90db05d97db2acea,b0d9cfc52d394b338e24e26d6c1fa413,car,1,1,1,1
4,747aa46b9a4641fe90db05d97db2acea,d4df7d40ad1747f8b64d1c1b54873f8d,car,1,1,1,1
4,747aa46b9a4641fe90db05d97db2acea,a351abe4e26f4d10b6760616446738cb,pedestrian,0,0,0,0
4,747aa46b9a4641fe90db05d97db2acea,94183c2b98b0432194f94bfa530c2065,pedestrian,0,0,0,0
4,747aa46b9a4641fe90db05d97db2acea,880a33b4be2c47eda85c1472956b8a81,pedestrian,0,0,0,0
4,747aa46b9a4641fe90db05d97db2acea,a9b609f5604246b199cfbc68c7a93f40,truck,0,0,0,0
4,747aa46b9a4641fe90db05d97db2acea,efec811338aa40f3949009cf7ea59976,pedestrian,1,1,1,1
5,f4f86af4da3b49e79497deda5c5f223a,56d2a9239a484abf943de30a0beff733,pedestrian,1,1,1,1
5,f4f86af4da3b49e79497deda5c5f223a,c0ab225a47544cd58cec3f4330b13d9c,car,1,1,1,1
5,f4f86af4da3b49e79497deda5c5f223a,b5cbe778bed5422e886175e6d74e18b3,pedestrian,1,0,1,0
5,f4f86af4da3b49e79497deda5c5f223a,536935aeb1b74b5e92e33d34c4d0d86c,car,1,0,1,0
5,f4f86af4da3b49e79497deda5c5f223a,576b9e535db14507b6ed7e2fa283aaf0,pedestrian,1,0,1,0
5,f4f86af4da3b49e79497deda5c5f223a,0e49e1c06c1943ea83bf2b5a161d4a6d,car,0,0,0,0
5,f4f86af4da3b49e79497deda5c5f223a,c59cf713514f4cc086ad0f0a061aedf5,car,1,1,1,1
5,f4f86af4da3b49e79497deda5c5f223a,adac6e888604470e99b3e087c68721c0,car,1,1,1,1
5,f4f86af4da3b49e79497deda5c5f223a,b2f479a97dc143fdbd3fd43166da7920,pedestrian,1,0,1,0
5,f4f86af4da3b49e79497deda5c5f223a,b05c070c7f2c46088562a2aeb81179a0,pedestrian,1,0,1,0
5,f4f86af4da3b49e79497deda5c5f223a,a2740d8323d34dac90935f7e21dfbcda,car,0,0,0,0
5,f4f86af4da3b49e79497deda5c5f223a,ed548f6c789249a9856110225e225f0c,car,0,0,0,0
5,f4f86af4da3b49e79497deda5c5f223a,7411f2f12b664b69ae0d5c730196a30c,car,1,1,1,1
5,f4f86af4da3b49e79497deda5c5f223a,9d379582a7ce46c3a41aed097b4c1ef6,pedestrian,0,0,0,0
5,f4f86af4da3b49e79497deda5c5f223a,bc23a9685ba54cbbb4de48ee157a8d8d,pedestrian,0,0,0,0
5,f4f86af4da3b49e79497deda5c5f223a,26cbd5cf1f6c4048bb2f1bf383911281,pedestrian,0,0,0,0
5,f4f86af4da3b49e79497deda5c5f223a,0cf43924272545df9c0ceecca01cb5ee,truck,0,0,0,0
5,f4f86af4da3b49e79497deda5c5f223a,bd4f58efe9844ef3bbb7c64707585e14,car,1,0,1,0
5,f4f86af4da3b49e79497deda5c5f223a,8bf6e9bd745540e2963a6e499f337ee3,pedestrian,0,0,0,0
6,6832e717621341568c759151b5974512,39fe731d250341e5a3ccbbbb87cbea1f,car,1,1,1,1
6,6832e717621341568c759151b5974512,e9618de46676447ea9d9dc613abbd880,pedestrian,1,0,1,0
6,6832e717621341568c759151b5974512,be36eaf9310342b783e3a4f123e67cc5,car,1,0,1,0
6,6832e717621341568c759151b5974512,eb9d07c120114019a4c548dde05381be,car,0,0,0,0
6,6832e717621341568c759151b5974512,52e86922fdd54c5688fd2b6c971e68e3,car,1,1,1,1
6,6832e717621341568c759151b5974512,acdd225408104f1d838efa31f174aa49,car,1,1,1,1
6,6832e717621341568c759151b5974512,f7bb912fc40e4aeaaf39093045950bcc,pedestrian,0,1,1,0
6,6832e717621341568c759151b5974512,c6377e4bc4fe4219a0f79832bb0c67ea,pedestrian,1,0,1,0
6,6832e717621341568c759151b5974512,ebfd049261fa45f7a110c7b0b09c65ed,car,0,0,0,0
6,6832e717621341568c759151b5974512,60432da5cc1c425cb66514c07eaee3bc,car,1,1,1,1
6,6832e717621341568c759151b5974512,71eb171b56954dcb8c02095c89fc4c2a,pedestrian,1,0,1,0
6,6832e717621341568c759151b5974512,c1814250533048f0be103ba852efdda0,pedestrian,0,0,0,0
6,6832e717621341568c759151b5974512,dfc55de012f940578d88293677a7025b,truck,0,0,0,0
6,6832e717621341568c759151b5974512,73a073b74d9b4f15b63f242a7550025f,car,1,0,1,0
6,6832e717621341568c759151b5974512,27984b3a2cd54b09b8623c731b4e5d5a,pedestrian,0,0,0,0
7,c59e60042a8643e899008da2e446acca,a151ec2a29ac4f57a8f986cf4987d1e0,car,1,1,1,1
7,c59e60042a8643e899008da2e446acca,464ce24af42f4ae195f468c15fedd859,pedestrian,0,0,0,0
7,c59e60042a8643e899008da2e446acca,62d84f0aa84d4d7bab1cecfeaa493504,car,0,0,0,0
7,c59e60042a8643e899008da2e446acca,cf2cd194c71042a887de64a0f624eac7,car,0,0,0,0
7,c59e60042a8643e899008da2e446acca,0a404a3e701d4d68aec31361b1123b09,car,1,1,1,1
7,c59e60042a8643e899008da2e446acca,d8eaaf160f80404ba858dfff270bf2ce,car,0,1,1,0
7,c59e60042a8643e899008da2e446acca,fbd6ec15643849c8ada24298d293a627,pedestrian,0,1,1,0
7,c59e60042a8643e899008da2e446acca,405f49497dd34ab4860a4661ccb6ee83,car,1,0,1,0
7,c59e60042a8643e899008da2e446acca,bd3d428018d4436597356ff40ec6be30,car,1,0,1,0
7,c59e60042a8643e899008da2e446acca,82758f2456bd43719c30a205b81350fd,car,1,0,1,0
7,c59e60042a8643e899008da2e446acca,db637b1698414a52a4a99ad6139881fd,pedestrian,1,0,1,0
7,c59e60042a8643e899008da2e446acca,1e7435fc1bd9439d977db7ce94ba7399,pedestrian,0,0,0,0
7,c59e60042a8643e899008da2e446acca,b38034820c8c41cca29f9deb0e09ef09,truck,0,0,0,0
7,c59e60042a8643e899008da2e446acca,55797062817f4891b917b97cb37f2271,car,1,0,1,0
7,c59e60042a8643e899008da2e446acca,985034d24f5448888e16b453587af111,pedestrian,0,0,0,0
8,fa65a298c01f44e7a182bbf9e5fe3697,9064149f6ee0412c8db4ff1880da1de8,car,1,1,1,1
8,fa65a298c01f44e7a182bbf9e5fe3697,f1db77b4201f4d959c031a8e2d5cd99e,pedestrian,0,0,0,0
8,fa65a298c01f44e7a182bbf9e5fe3697,5f4484af4cbd46048bbef20e31046a7a,car,1,1,1,1
8,fa65a298c01f44e7a182bbf9e5fe3697,aff3bb4252884e259e07a0ed98abbd8a,car,0,0,0,0
8,fa65a298c01f44e7a182bbf9e5fe3697,d40f5a7474b14b66bedd6b6b9ae61ee8,car,0,1,1,0
8,fa65a298c01f44e7a182bbf9e5fe3697,3c47d845451043a2972d59f1d16837d4,car,1,1,1,1
8,fa65a298c01f44e7a182bbf9e5fe3697,942dc8cd470f448daa7210d45a817261,pedestrian,0,1,1,0
8,fa65a298c01f44e7a182bbf9e5fe3697,9cdf36c9712f48adaf40d57379c059ab,car,1,0,1,0
8,fa65a298c01f44e7a182bbf9e5fe3697,35ff5eba009548aea7f5d8f02c2c518e,car,0,0,0,0
8,fa65a298c01f44e7a182bbf9e5fe3697,9d8951588b9545cba8073089e4faea4e,car,1,1,1,1
8,fa65a298c01f44e7a182bbf9e5fe3697,41fe28cb17634ac9902589291a078629,pedestrian,1,1,1,1
8,fa65a298c01f44e7a182bbf9e5fe3697,48287306510f4934b8856427de61e76d,pedestrian,0,0,0,0
8,fa65a298c01f44e7a182bbf9e5fe3697,188d7a070a624115b1fff2f1fac7be34,truck,0,0,0,0
8,fa65a298c01f44e7a182bbf9e5fe3697,7404349f36454d078a17c73b06b57e81,car,1,1,1,1
8,fa65a298c01f44e7a182bbf9e5fe3697,ad52f31075c54d6cbaee41665e18d60f,pedestrian,0,0,0,0
9,a98fba72bde9433fb882032d18aedb2e,53d24fa7e25d4dc2a36882a14f7df71c,car,1,1,1,1
9,a98fba72bde9433fb882032d18aedb2e,80743658689f4ca6bb055ae50e06f33b,pedestrian,0,0,0,0
9,a98fba72bde9433fb882032d18aedb2e,7db76c872ec9407daf0aeb2a26cd5a34,car,1,0,1,0
9,a98fba72bde9433fb882032d18aedb2e,bd5810603e844c29a36bb896127a566e,car,0,0,0,0
9,a98fba72bde9433fb882032d18aedb2e,fd753759a7ae46579f6c34d595cbb340,car,0,1,1,0
9,a98fba72bde9433fb882032d18aedb2e,5c1ca91d78c44b5daedf9e9d44baaa44,car,1,1,1,1
9,a98fba72bde9433fb882032d18aedb2e,490aae87da974e969a2f21020017132d,pedestrian,0,1,1,0
9,a98fba72bde9433fb882032d18aedb2e,6b27191575344989a2636fc3423ed673,car,1,0,1,0
9,a98fba72bde9433fb882032d18aedb2e,4fe5cc89a0d2468cac6e6d37525252f0,car,0,0,0,0
9,a98fba72bde9433fb882032d18aedb2e,95e1c3fb3571461ab67ed1222be02268,car,1,0,1,0
9,a98fba72bde9433fb882032d18aedb2e,5ead4655f99745c6b21df75b0f68f3e3,pedestrian,1,1,1,1
9,a98fba72bde9433fb882032d18aedb2e,e91ad7d80cfe4b0faa557859240c945b,pedestrian,0,1,1,0
9,a98fba72bde9433fb882032d18aedb2e,16811195c50b4ceba7df542df04fcc2e,truck,0,0,0,0
9,a98fba72bde9433fb882032d18aedb2e,89b0ec9de2b54a99b5b1d741699daa85,car,1,1,1,1
9,a98fba72bde9433fb882032d18aedb2e,2b83792c3f4b45cf9d632421128ade07,pedestrian,0,1,1,0
10,b6b0d9f2f2e14a3aaa2c8aedeb1edb69,a62c4ab0cca142ebafb73b96a173743e,car,1,1,1,1
10,b6b0d9f2f2e14a3aaa2c8aedeb1edb69,9358fa536f5647138a7682903e5237d7,car,1,0,1,0
10,b6b0d9f2f2e14a3aaa2c8aedeb1edb69,4f5fdf66b463494fb53adddd9ef0c819,car,0,0,0,0
10,b6b0d9f2f2e14a3aaa2c8aedeb1edb69,14b5b89c50814ec898e99c49783b99e4,car,1,1,1,1
10,b6b0d9f2f2e14a3aaa2c8aedeb1edb69,db0fff6ad52a4301815ae04cad2e26e7,car,0,1,1,0
10,b6b0d9f2f2e14a3aaa2c8aedeb1edb69,41b2b29efe8b4426957f6da8aa3673fb,car,1,0,1,0
10,b6b0d9f2f2e14a3aaa2c8aedeb1edb69,1f6c02d0ba694ae499c624b5fd935e58,car,0,0,0,0
10,b6b0d9f2f2e14a3aaa2c8aedeb1edb69,2c7d6b506a1d4650bc9a5b987aeaa5c5,car,1,1,1,1
10,b6b0d9f2f2e14a3aaa2c8aedeb1edb69,e7eb537100ca44eeb05991a022a20f70,pedestrian,1,1,1,1
10,b6b0d9f2f2e14a3aaa2c8aedeb1edb69,84e2e012b5ab49c29d7a5b9d77624fa5,pedestrian,0,1,1,0
10,b6b0d9f2f2e14a3aaa2c8aedeb1edb69,ce25091c1fe1482b91525f6c411347c2,truck,0,0,0,0
10,b6b0d9f2f2e14a3aaa2c8aedeb1edb69,f921fefa6d4d4bbd8389e3645b26d8a1,car,1,1,1,1
10,b6b0d9f2f2e14a3aaa2c8aedeb1edb69,72b77818021d4ed2ba4a5b9b01eb7a92,pedestrian,0,0,0,0
11,796b1988dd254f74bf2fb19ba9c5b8c6,20337400bbce4d50a876b527ab00e387,car,1,1,1,1
11,796b1988dd254f74bf2fb19ba9c5b8c6,607198a079d244a8b61f31dd0b38c8d2,car,1,1,1,1
11,796b1988dd254f74bf2fb19ba9c5b8c6,1656ca721e2d4a5bbfe2ee72814a0315,car,1,0,1,0
11,796b1988dd254f74bf2fb19ba9c5b8c6,d35edcb66d074b22978fde5c4f4e8216,car,0,1,1,0
11,796b1988dd254f74bf2fb19ba9c5b8c6,b2b520d39957447782cb5b1eee5a5fc7,car,1,0,1,0
11,796b1988dd254f74bf2fb19ba9c5b8c6,da5bb2de70d44e3fa3bfdbcc09a6bd9e,car,0,1,1,0
11,796b1988dd254f74bf2fb19ba9c5b8c6,33f868e9bdeb4f59aa4a6688b886c752,car,1,1,1,1
11,796b1988dd254f74bf2fb19ba9c5b8c6,20cc91a96a384a84b19a3a7d643a9620,pedestrian,1,1,1,1
11,796b1988dd254f74bf2fb19ba9c5b8c6,ef3f2ad5d180419085c1628fed5c94f1,pedestrian,0,0,0,0
11,796b1988dd254f74bf2fb19ba9c5b8c6,505ed337d98b42908ce3f088e0b27c9c,truck,0,0,0,0
11,796b1988dd254f74bf2fb19ba9c5b8c6,5eb308e28525436c973fe5594cd892ab,car,1,1,1,1
11,796b1988dd254f74bf2fb19ba9c5b8c6,91f3fa0168034d0780a3d815495cd5e1,pedestrian,0,1,1,0
12,0d0700a2284e477db876c3ee1d864668,927c53cc270b47e39f283888a52e7f10,car,1,1,1,1
12,0d0700a2284e477db876c3ee1d864668,0c978eed50594ed998d395e9b20b020e,car,0,0,0,0
12,0d0700a2284e477db876c3ee1d864668,9b1f7675e7a5458ebf383febdac138f9,car,0,0,0,0
12,0d0700a2284e477db876c3ee1d864668,871d1c4e8e6c45068a9314a2deb324de,car,1,1,1,1
12,0d0700a2284e477db876c3ee1d864668,524836b7997c4b03ab129828230182d9,car,1,0,1,0
12,0d0700a2284e477db876c3ee1d864668,a1927f9f417d46efa4c67a6a101d15cb,car,1,1,1,1
12,0d0700a2284e477db876c3ee1d864668,075efbcd60a34bee882a311b390bcd89,pedestrian,0,0,0,0
12,0d0700a2284e477db876c3ee1d864668,deefbe9cc2b343978eb1eb78dc43bc0c,truck,0,0,0,0
12,0d0700a2284e477db876c3ee1d864668,1e569a9ccbaa444aae73fd35cc219fc6,car,1,1,1,1
12,0d0700a2284e477db876c3ee1d864668,c930e17aeed1421097b259176f8dc0af,car,0,0,0,0
12,0d0700a2284e477db876c3ee1d864668,45caf70e350044efb20ff903d8494db4,pedestrian,0,0,0,0
12,0d0700a2284e477db876c3ee1d864668,818f6afa7a404ba0bb79fa079c305842,car,0,1,1,0
13,de7593d76648450e947ba0c203dee1b0,384b62794af74412affc7fa9dc2e052e,car,0,0,0,0
13,de7593d76648450e947ba0c203dee1b0,3237e70dc71646379839f9d4890d7d0e,car,1,1,1,1
13,de7593d76648450e947ba0c203dee1b0,733ea0c4f7614959b40a1556d3f3891b,car,1,0,1,0
13,de7593d76648450e947ba0c203dee1b0,f0c155ee1218476e8e937e9c4b2778b1,car,0,0,0,0
13,de7593d76648450e947ba0c203dee1b0,3a3deedc2cea4a489d3676f6b4680453,car,1,0,1,0
13,de7593d76648450e947ba0c203dee1b0,7c29aa55ea8a40d1bead8b1195ec398f,car,0,0,0,0
13,de7593d76648450e947ba0c203dee1b0,b08eaba343c8478388b762c276038a77,car,1,1,1,1
13,de7593d76648450e947ba0c203dee1b0,89edeac56671453a8e057775575faa6b,pedestrian,0,1,1,0
13,de7593d76648450e947ba0c203dee1b0,a80cde9b9f64475e8f7af6ee27a8d9ff,truck,0,0,0,0
13,de7593d76648450e947ba0c203dee1b0,2e13f6bc8f5549ed8a068a835254751a,car,0,0,0,0
13,de7593d76648450e947ba0c203dee1b0,57ebeab5279d49638de6aae14b3f9179,car,1,0,1,0
13,de7593d76648450e947ba0c203dee1b0,d0ad3e8d9cbc4226802c092e67292276,car,1,0,1,0
13,de7593d76648450e947ba0c203dee1b0,c768f5397e7149e59e9b0a39ac48ed3c,pedestrian,0,1,1,0
13,de7593d76648450e947ba0c203dee1b0,22167351d18540ee8afba93042716f29,car,1,1,1,1
14,f753d3f87e5b40af87ff2cbf7c8e7082,109f33b1d4c84c16ad7e0781f10eb8ba,car,0,0,0,0
14,f753d3f87e5b40af87ff2cbf7c8e7082,67f904347f7c4c77af3f765d0bb5e07a,car,1,1,1,1
14,f753d3f87e5b40af87ff2cbf7c8e7082,8ded9158f33845e8937152392c185c0b,car,0,0,0,0
14,f753d3f87e5b40af87ff2cbf7c8e7082,78e8712f332f475baef9c6925a2e0aa6,pedestrian,0,0,0,0
14,f753d3f87e5b40af87ff2cbf7c8e7082,1732edf46e664d258d6c047e18237d2d,pedestrian,0,0,0,0
14,f753d3f87e5b40af87ff2cbf7c8e7082,4488522d43454dd085d13126b7560545,car,0,0,0,0
14,f753d3f87e5b40af87ff2cbf7c8e7082,cba37be4f22346ef9e7a24cbdcdf4976,car,1,0,1,0
14,f753d3f87e5b40af87ff2cbf7c8e7082,ef7274e015f2400597efa7e4c4887c28,car,0,0,0,0
14,f753d3f87e5b40af87ff2cbf7c8e7082,b57c75957e044737b880ece4afc4b73b,car,1,1,1,1
14,f753d3f87e5b40af87ff2cbf7c8e7082,195afc0f147d4dbfa9c21239df0d2307,pedestrian,0,0,0,0
14,f753d3f87e5b40af87ff2cbf7c8e7082,c7ab79a004d64e3faf3e191f3dbd42b0,truck,0,0,0,0
14,f753d3f87e5b40af87ff2cbf7c8e7082,cf9d63e192df45a5b448e9466e246853,car,0,0,0,0
14,f753d3f87e5b40af87ff2cbf7c8e7082,9aa2f2314cac49c0b0bf58d367d99427,car,1,1,1,1
14,f753d3f87e5b40af87ff2cbf7c8e7082,c6f9442d527545d5baf16da61fafbe67,car,1,0,1,0
14,f753d3f87e5b40af87ff2cbf7c8e7082,606d1151c08045698001350dfc5ac079,pedestrian,0,0,0,0
14,f753d3f87e5b40af87ff2cbf7c8e7082,e9f3b0180d974d73b80a5ab0c8756f7c,car,0,1,1,0
15,b22fa0b3c34f47b6a360b60f35d5d567,b68d19dbcb46488dbba0af0cea289b63,car,0,0,0,0
15,b22fa0b3c34f47b6a360b60f35d5d567,4ae5271520264fc081e9b6b0ed494e20,car,1,1,1,1
15,b22fa0b3c34f47b6a360b60f35d5d567,518f05531e3a42ff9a14f374c114f33a,car,0,0,0,0
15,b22fa0b3c34f47b6a360b60f35d5d567,684488c218d340f5bbcdaff86afe1c74,pedestrian,1,1,1,1
15,b22fa0b3c34f47b6a360b60f35d5d567,f566026756df4eca8703d21eda2ef0ff,pedestrian,0,1,1,0
15,b22fa0b3c34f47b6a360b60f35d5d567,0c9d00a098c349199a24db799da51567,car,0,0,0,0
15,b22fa0b3c34f47b6a360b60f35d5d567,053903322ee74d78b4e088e11050e484,car,1,0,1,0
15,b22fa0b3c34f47b6a360b60f35d5d567,31aecb5b21404d069c80c7c91785efa1,car,0,0,0,0
15,b22fa0b3c34f47b6a360b60f35d5d567,9ec3571c1fd84146aaa20012ad284f1d,car,1,1,1,1
15,b22fa0b3c34f47b6a360b60f35d5d567,61a07fcb90024c7fa1678b96c5a3aa52,motorcycle,0,0,0,0
15,b22fa0b3c34f47b6a360b60f35d5d567,a7144e9d584847abbd93e69c6169b94b,pedestrian,0,0,0,0
15,b22fa0b3c34f47b6a360b60f35d5d567,0368fcf14f544a4ea15799d28615710c,truck,0,0,0,0
15,b22fa0b3c34f47b6a360b60f35d5d567,9dd7c2453b034d06a6b7a460baffd336,car,0,0,0,0
15,b22fa0b3c34f47b6a360b60f35d5d567,24cfb27afe714f0bafb098c0d6ecc5dd,car,1,0,1,0
15,b22fa0b3c34f47b6a360b60f35d5d567,e6582b27b03a431ca8bf7b79e68b73c5,car,1,0,1,0
15,b22fa0b3c34f47b6a360b60f35d5d567,68e1a96034c34f7ebb638f6962aec09b,pedestrian,0,0,0,0
15,b22fa0b3c34f47b6a360b60f35d5d567,e0152fbc04824fa4875b72c8c24bf2c4,car,0,1,1,0
16,0a0d6b8c2e884134a3b48df43d54c36a,35fc5e56dadd45e09d33223964df810b,car,0,0,0,0
16,0a0d6b8c2e884134a3b48df43d54c36a,a42ec89706094b80bcbd4adafa3a83fd,car,1,1,1,1
16,0a0d6b8c2e884134a3b48df43d54c36a,3219df0be6764e9e955e91f5eca4332e,car,0,0,0,0
16,0a0d6b8c2e884134a3b48df43d54c36a,64d47da64b754f31a644f19cb82ef842,pedestrian,1,1,1,1
16,0a0d6b8c2e884134a3b48df43d54c36a,b6d0ef2b89094219b921d52cd8d0ed6b,car,0,0,0,0
16,0a0d6b8c2e884134a3b48df43d54c36a,7994f8e1addc46f4a86fde1e7614ef61,car,1,1,1,1
16,0a0d6b8c2e884134a3b48df43d54c36a,4b377f65d0b34bbb8ab99ec1e18035c2,car,0,0,0,0
16,0a0d6b8c2e884134a3b48df43d54c36a,71003d78219e4f3d9112afddbb11b6f2,car,0,0,0,0
16,0a0d6b8c2e884134a3b48df43d54c36a,7b820ba53c354ad590861b2ec2c8b7f7,car,1,1,1,1
16,0a0d6b8c2e884134a3b48df43d54c36a,79209bac4edc460aa4d48377ca9b576e,motorcycle,0,0,0,0
16,0a0d6b8c2e884134a3b48df43d54c36a,d9634fbff7804ac687ff85c0e0689478,pedestrian,0,1,1,0
16,0a0d6b8c2e884134a3b48df43d54c36a,820c783470714d40bff33600cc1b7153,truck,0,0,0,0
16,0a0d6b8c2e884134a3b48df43d54c36a,95d85a6d14f149b19dc22a0d8bca22c7,car,0,0,0,0
16,0a0d6b8c2e884134a3b48df43d54c36a,c939e76af6ff412d9e96e00eca714dc8,car,0,1,1,0
16,0a0d6b8c2e884134a3b48df43d54c36a,486caa7fa36a47bab5cdff648dd26688,car,1,0,1,0
16,0a0d6b8c2e884134a3b48df43d54c36a,626e168908764960bb3e18add2e27853,car,0,0,0,0
17,8e9c2cba0ee74056aa3746e8391d54a9,0b3c32ee08b240db94d38d8ef8489409,car,0,0,0,0
17,8e9c2cba0ee74056aa3746e8391d54a9,c6ddef6638ee4610b07cf0189abd689b,car,0,0,0,0
17,8e9c2cba0ee74056aa3746e8391d54a9,bfc83913139942fda00bf4226bcc969b,car,1,1,1,1
17,8e9c2cba0ee74056aa3746e8391d54a9,f233c02e90444bf89543013abd15231a,car,0,0,0,0
17,8e9c2cba0ee74056aa3746e8391d54a9,e4f26ba4b7cc4d2da9400141f710d7f4,car,0,0,0,0
17,8e9c2cba0ee74056aa3746e8391d54a9,9d8a365e34e8490b93a69685e2a2359b,car,0,0,0,0
17,8e9c2cba0ee74056aa3746e8391d54a9,634d62f640b24f848f1cba118485cdf5,car,0,0,0,0
17,8e9c2cba0ee74056aa3746e8391d54a9,6d1bbe4ac59442b1a4e8b4a254b48dc5,car,1,0,1,0
17,8e9c2cba0ee74056aa3746e8391d54a9,b4703d83f34b4992bd521861df9acc8c,car,0,0,0,0
17,8e9c2cba0ee74056aa3746e8391d54a9,3351268fe9244e73ad132cf13ab0386a,car,1,1,1,1
17,8e9c2cba0ee74056aa3746e8391d54a9,2406c50c1e4e467fb98693ed627d2ca7,car,0,0,0,0
17,8e9c2cba0ee74056aa3746e8391d54a9,d14c5b9c5b214298a5ccfa6cad3f7d63,car,1,1,1,1
17,8e9c2cba0ee74056aa3746e8391d54a9,b8c9d8cc80f3421989aa62e42f0d28c3,motorcycle,0,0,0,0
17,8e9c2cba0ee74056aa3746e8391d54a9,f50fdf7271fc4562bee0ceb62c2937fe,pedestrian,1,1,1,1
17,8e9c2cba0ee74056aa3746e8391d54a9,ab3e319fae844195a98838b9f6bb0f4e,truck,0,0,0,0
17,8e9c2cba0ee74056aa3746e8391d54a9,48508de6973d45a19371aea32c36c2e3,car,0,0,0,0
17,8e9c2cba0ee74056aa3746e8391d54a9,7e14b75af54d4c899ec5b06b6be5ce87,car,0,0,0,0
17,8e9c2cba0ee74056aa3746e8391d54a9,0f4c98ed35df4e8f9a894d412d4e79ae,car,1,0,1,0
17,8e9c2cba0ee74056aa3746e8391d54a9,d5fd6227567d4e44b2eb764adb5da549,car,0,0,0,0
17,8e9c2cba0ee74056aa3746e8391d54a9,54a7bbe850334538a462d32966455ce7,car,0,0,0,0
17,8e9c2cba0ee74056aa3746e8391d54a9,f86091dd98754bd9b53beec14c9b8820,car,1,1,1,1
18,fdc39b23ab4242eda6ec5e1e6574fe33,9c251622ea32412d921f8d4e28de55c6,car,0,0,0,0
18,fdc39b23ab4242eda6ec5e1e6574fe33,1c85210e097b4bb2b2d0c0f06220a999,car,0,0,0,0
18,fdc39b23ab4242eda6ec5e1e6574fe33,9fa6c2cb1ae8424dac14a648d010d92e,car,1,1,1,1
18,fdc39b23ab4242eda6ec5e1e6574fe33,ef84dae1b81d40d69084d0f615a87a1e,car,1,0,1,0
18,fdc39b23ab4242eda6ec5e1e6574fe33,a62c080ff403414abd3d2ca918f3c19c,car,0,0,0,0
18,fdc39b23ab4242eda6ec5e1e6574fe33,e138b7f007164251bbfa8586d7f80274,car,0,0,0,0
18,fdc39b23ab4242eda6ec5e1e6574fe33,4a6c4dfa01864e6b914076739fe9f452,car,0,0,0,0
18,fdc39b23ab4242eda6ec5e1e6574fe33,3147c46b179d4817b2b669943e97fa7f,car,0,0,0,0
18,fdc39b23ab4242eda6ec5e1e6574fe33,76d757058a3c461fbc1071d1b2ffc831,car,1,0,1,0
18,fdc39b23ab4242eda6ec5e1e6574fe33,8ad227d02d3544169c709b2e01559ac7,car,1,0,1,0
18,fdc39b23ab4242eda6ec5e1e6574fe33,114b7aa80a3e4636840c55604796a256,car,0,0,0,0
18,fdc39b23ab4242eda6ec5e1e6574fe33,e585208bb1624a3db915c536baff819b,car,1,0,1,0
18,fdc39b23ab4242eda6ec5e1e6574fe33,308112ee67594bd4ab4ed8d8ab116fdb,motorcycle,0,0,0,0
18,fdc39b23ab4242eda6ec5e1e6574fe33,267ed783107a45acabfbf5997dfcf657,car,1,0,1,0
18,fdc39b23ab4242eda6ec5e1e6574fe33,661e97109b8a4b2d8dfe9cd50085f573,pedestrian,0,0,0,0
18,fdc39b23ab4242eda6ec5e1e6574fe33,5f3db35112bc493a9186ab6bf75bcb7e,truck,0,0,0,0
18,fdc39b23ab4242eda6ec5e1e6574fe33,92061a55dfe3459a937b987e1c5a5fff,car,1,1,1,1
18,fdc39b23ab4242eda6ec5e1e6574fe33,9a239e965f3340848c70bf2a736092a8,car,1,1,1,1
18,fdc39b23ab4242eda6ec5e1e6574fe33,997d925b80684134bd3d81ca2794f907,car,1,0,1,0
18,fdc39b23ab4242eda6ec5e1e6574fe33,3015154e86d44447b80cad1561983cab,car,0,0,0,0
18,fdc39b23ab4242eda6ec5e1e6574fe33,4c3786cd0ec648aab3563f8a18ff9bdd,car,0,0,0,0
18,fdc39b23ab4242eda6ec5e1e6574fe33,91fc784855ae4cb9aee748e3e365c2c5,car,1,0,1,0
19,9ee4020153674b9e9943d395ff8cfdf3,034490a1b8494b188cd05ede020b1b05,car,0,0,0,0
19,9ee4020153674b9e9943d395ff8cfdf3,773b9b682897405cbd10f3d5b0cbda0c,car,0,0,0,0
19,9ee4020153674b9e9943d395ff8cfdf3,62ec2d55b3db418399ce2229f2d59688,car,1,1,1,1
19,9ee4020153674b9e9943d395ff8cfdf3,8192c889b369421085118cecd4150907,car,1,1,1,1
19,9ee4020153674b9e9943d395ff8cfdf3,520fe967824a401f8421ddf0da485435,car,0,0,0,0
19,9ee4020153674b9e9943d395ff8cfdf3,fb89873ad5ca457085251292ab4e3e82,car,0,0,0,0
19,9ee4020153674b9e9943d395ff8cfdf3,22e2a1cd71a448c9a6ae49cb5bb179f8,car,0,0,0,0
19,9ee4020153674b9e9943d395ff8cfdf3,6854318fa61a40d5922a396ddd048c24,car,0,0,0,0
19,9ee4020153674b9e9943d395ff8cfdf3,e005bd108a914dfaa3b3aa4158e89513,car,1,0,1,0
19,9ee4020153674b9e9943d395ff8cfdf3,894e676f43694d21b44bbe5971c5369c,car,0,0,0,0
19,9ee4020153674b9e9943d395ff8cfdf3,3e57a41a4d994cfda0e33b2038041383,car,1,0,1,0
19,9ee4020153674b9e9943d395ff8cfdf3,2e9a537babca475eadd280dae2ca61aa,car,0,0,0,0
19,9ee4020153674b9e9943d395ff8cfdf3,26edf999e884424b9dd2a4cfa1bf4abd,car,1,0,1,0
19,9ee4020153674b9e9943d395ff8cfdf3,bd32aeb5ad954c80badaab3032fee33b,motorcycle,0,0,0,0
19,9ee4020153674b9e9943d395ff8cfdf3,f5a94465c3ae44e09c6b44972b71c5a3,car,1,0,1,0
19,9ee4020153674b9e9943d395ff8cfdf3,53d7a64bd80642afb86722bb738d4e8c,pedestrian,0,0,0,0
19,9ee4020153674b9e9943d395ff8cfdf3,5a116570ae6e4e51a0ab0df0c42fa30c,truck,0,0,0,0
19,9ee4020153674b9e9943d395ff8cfdf3,f1c418099305439ba48c1aa52726ffb4,car,0,1,1,0
19,9ee4020153674b9e9943d395ff8cfdf3,2add5c7ca92141cca9c6fd747e9ea87d,car,1,1,1,1
19,9ee4020153674b9e9943d395ff8cfdf3,f92ea0f1425f4b95b2b69fa700ca1f07,car,1,0,1,0
19,9ee4020153674b9e9943d395ff8cfdf3,84804a0dd2a746399d1c85a3295a2689,car,0,0,0,0
19,9ee4020153674b9e9943d395ff8cfdf3,d59db27c6e8140e89faff35da1757099,car,0,0,0,0
19,9ee4020153674b9e9943d395ff8cfdf3,f49604197b2e4fba83f0955bc1e10445,car,0,0,0,0
20,5b03af7a953245b5a3b23191ed4da62a,8697c32ec5f54d549abead288c106509,car,0,0,0,0
20,5b03af7a953245b5a3b23191ed4da62a,92238ce0e043414cb4af30be732c8793,pedestrian,0,0,0,0
20,5b03af7a953245b5a3b23191ed4da62a,8b2459af8a0f427093f06c7fd0bd8130,car,1,1,1,1
20,5b03af7a953245b5a3b23191ed4da62a,5954ae3391df43239308290364837caf,car,1,0,1,0
20,5b03af7a953245b5a3b23191ed4da62a,6e524027554d49798e91cef3676dfd5f,car,1,0,1,0
20,5b03af7a953245b5a3b23191ed4da62a,080a8ea18b0145aa8fae32d811ce1495,car,0,0,0,0
20,5b03af7a953245b5a3b23191ed4da62a,0b83667c1394448ba07bd7299d2cffc1,car,0,0,0,0
20,5b03af7a953245b5a3b23191ed4da62a,e460fdf1c77e42cdbbb7173bfe516f44,car,0,0,0,0
20,5b03af7a953245b5a3b23191ed4da62a,77cdedc34c0e4306941a6dcc1a229293,car,1,0,1,0
20,5b03af7a953245b5a3b23191ed4da62a,31b255be8bcc46f5b47b588ba875fb71,car,0,0,0,0
20,5b03af7a953245b5a3b23191ed4da62a,3dfd7e5254d14a28bb19df51b3bb6a58,car,1,0,1,0
20,5b03af7a953245b5a3b23191ed4da62a,2022d65764284252878e9c9e2f8bdaeb,car,1,0,1,0
20,5b03af7a953245b5a3b23191ed4da62a,92228b6a6c174829b560a2c56af34557,car,1,0,1,0
20,5b03af7a953245b5a3b23191ed4da62a,451583f02dcc4e44830060cd62fe6441,car,0,0,0,0
20,5b03af7a953245b5a3b23191ed4da62a,ddd006284b424c928a4a5d8b4b429c83,car,0,1,1,0
20,5b03af7a953245b5a3b23191ed4da62a,befaf6c7f2fa415ea32e075f2fd4a7f3,motorcycle,0,0,0,0
20,5b03af7a953245b5a3b23191ed4da62a,4cd4f76bbe204896876ac9911319346a,car,0,0,0,0
20,5b03af7a953245b5a3b23191ed4da62a,521b758ac0f441bbad827aa4d5ed8859,pedestrian,0,1,1,0
20,5b03af7a953245b5a3b23191ed4da62a,2e114f7f7970443bb0097d82804912db,truck,1,0,1,0
20,5b03af7a953245b5a3b23191ed4da62a,1df36575874d41ef8366e47d71a19db8,car,0,0,0,0
20,5b03af7a953245b5a3b23191ed4da62a,bb91255174f14bc787f7034b9d73afab,car,1,1,1,1
20,5b03af7a953245b5a3b23191ed4da62a,6123191477004998a010a85b0fecab26,pedestrian,0,0,0,0
20,5b03af7a953245b5a3b23191ed4da62a,575532846f384a34a0e8663cbe2d09bd,car,0,0,0,0
20,5b03af7a953245b5a3b23191ed4da62a,d7caaf500c7c48339a294162e14370e2,car,0,0,0,0
20,5b03af7a953245b5a3b23191ed4da62a,0dabaedd75fe4f46adae6683177f0bc1,car,0,0,0,0
21,d0ecf474e0e64950aa265cd44b9c9d75,fb5113c8334448a98072307020af559f,car,0,0,0,0
21,d0ecf474e0e64950aa265cd44b9c9d75,af5d259615cc4e4d87e536bf5a37e1d3,pedestrian,0,0,0,0
21,d0ecf474e0e64950aa265cd44b9c9d75,da140f844c8a4cb69e0f74e779a85206,car,1,1,1,1
21,d0ecf474e0e64950aa265cd44b9c9d75,60193d8287a34bb2825f49da7fb7f3cf,car,1,0,1,0
21,d0ecf474e0e64950aa265cd44b9c9d75,062061ad4bd74c5cad1716fb8c83e0a6,car,0,0,0,0
21,d0ecf474e0e64950aa265cd44b9c9d75,fcc6350db9c045a88f61554a5ab0113d,car,0,0,0,0
21,d0ecf474e0e64950aa265cd44b9c9d75,ef7d455ffee8450794789f153516fd13,car,0,0,0,0
21,d0ecf474e0e64950aa265cd44b9c9d75,6b629232c0874302af0f82bfebf6ab75,car,0,1,1,0
21,d0ecf474e0e64950aa265cd44b9c9d75,bfb83c970300411581875e5974ed44d2,car,1,0,1,0
21,d0ecf474e0e64950aa265cd44b9c9d75,2c05f15735d7406392db997df3ac2af6,car,0,0,0,0
21,d0ecf474e0e64950aa265cd44b9c9d75,f489b83b26cd422ebbf60f9b67881fa5,car,0,0,0,0
21,d0ecf474e0e64950aa265cd44b9c9d75,bb8321c33adc4f51897843f1d4a85f6d,car,0,0,0,0
21,d0ecf474e0e64950aa265cd44b9c9d75,4fe0f0c371ef48d7bf4f49e411704bc9,car,0,0,0,0
21,d0ecf474e0e64950aa265cd44b9c9d75,9f093e6176154c4f9436532d82b379da,car,0,0,0,0
21,d0ecf474e0e64950aa265cd44b9c9d75,1a272ff5c3fd4633b0a644a6bff6eb9c,pedestrian,0,0,0,0
21,d0ecf474e0e64950aa265cd44b9c9d75,4c809c8ee9134fa39c482161c4f9b6a2,car,0,1,1,0
21,d0ecf474e0e64950aa265cd44b9c9d75,17648c4ba8b143578d7336990126082b,motorcycle,0,0,0,0
21,d0ecf474e0e64950aa265cd44b9c9d75,22e149a4da3043b099871b901f88434d,bicycle,0,0,0,0
21,d0ecf474e0e64950aa265cd44b9c9d75,3b4ab93d259745bc9a7446cf0878d8c9,car,0,0,0,0
21,d0ecf474e0e64950aa265cd44b9c9d75,6bf100e56cc34732bd0149d202c4bc0b,pedestrian,0,0,0,0
21,d0ecf474e0e64950aa265cd44b9c9d75,f7a9deb1b17443e2a6687bf4d8ead587,truck,1,0,1,0
21,d0ecf474e0e64950aa265cd44b9c9d75,6c9b5ebe34904bcb9c35d90134875915,car,0,0,0,0
21,d0ecf474e0e64950aa265cd44b9c9d75,fbf27a7aba5d41c7a5d0a51892611754,car,1,1,1,1
21,d0ecf474e0e64950aa265cd44b9c9d75,31fb7a8b4c564b83b7fbb83e0762bd27,pedestrian,0,0,0,0
21,d0ecf474e0e64950aa265cd44b9c9d75,e0c7365fc09047c2a1d4211fc30f2a56,car,0,0,0,0
21,d0ecf474e0e64950aa265cd44b9c9d75,0e5a9b53fe424c719abaae096306421f,car,0,0,0,0
21,d0ecf474e0e64950aa265cd44b9c9d75,d331ae5a11714bb281d94dd93592d0f0,car,1,0,1,0
22,456ec36cb4a44ca78f36fbd90c0c34fa,4562344404f945b29dfb292e8d1985ae,car,0,0,0,0
22,456ec36cb4a44ca78f36fbd90c0c34fa,2843151b5d4b4f47b48bb8cc0e95fe2b,pedestrian,0,0,0,0
22,456ec36cb4a44ca78f36fbd90c0c34fa,a8d75058530e450699070016830cf69e,car,1,1,1,1
22,456ec36cb4a44ca78f36fbd90c0c34fa,5e44592ef8be48a2bb7660ba805b9f7a,car,1,0,1,0
22,456ec36cb4a44ca78f36fbd90c0c34fa,759265e9ffab40fda4e51d35dded27c7,car,0,0,0,0
22,456ec36cb4a44ca78f36fbd90c0c34fa,dbc9c0b5403d4bcba2fcd21f6e5ce9d9,car,0,0,0,0
22,456ec36cb4a44ca78f36fbd90c0c34fa,cf9e2fb27b0c4ebfb118b251b5f47225,car,0,0,0,0
22,456ec36cb4a44ca78f36fbd90c0c34fa,34063db61e894df895086200fe2aeca5,car,0,0,0,0
22,456ec36cb4a44ca78f36fbd90c0c34fa,1b1b859c1ad94656a2e03ee02b85e143,car,1,0,1,0
22,456ec36cb4a44ca78f36fbd90c0c34fa,185da6644f964d158518fb4cd17388ad,car,0,0,0,0
22,456ec36cb4a44ca78f36fbd90c0c34fa,8c1488734ace4d49a9840675b57642d8,car,1,0,1,0
22,456ec36cb4a44ca78f36fbd90c0c34fa,e0272fcfc59744ae82f4e7324fd26837,car,0,0,0,0
22,456ec36cb4a44ca78f36fbd90c0c34fa,a5a8cef94205459fb15568f18bb7cc4f,car,0,0,0,0
22,456ec36cb4a44ca78f36fbd90c0c34fa,4dda7160a86b4441b800d1ce11d83465,car,0,0,0,0
22,456ec36cb4a44ca78f36fbd90c0c34fa,1c91edc582704f61b67ad96425afb4cf,pedestrian,0,0,0,0
22,456ec36cb4a44ca78f36fbd90c0c34fa,98012dffaa3d45788e6fc9905fad5031,motorcycle,0,0,0,0
22,456ec36cb4a44ca78f36fbd90c0c34fa,e273bf791a6b40489e0ed93d5f51548f,bicycle,0,0,0,0
22,456ec36cb4a44ca78f36fbd90c0c34fa,813bbdc3bd0c4f1fa9aa391182aad369,car,0,0,0,0
22,456ec36cb4a44ca78f36fbd90c0c34fa,b246ba73b2134c3f819e4e13d0f9fe80,pedestrian,0,0,0,0
22,456ec36cb4a44ca78f36fbd90c0c34fa,861062a24f47417c971d5d204d534d3c,truck,0,0,0,0
22,456ec36cb4a44ca78f36fbd90c0c34fa,07982170ea28493483cfa4424ae2988b,car,1,0,1,0
22,456ec36cb4a44ca78f36fbd90c0c34fa,eee9aabba7f44f47aef7b116a7e5a278,car,1,1,1,1
22,456ec36cb4a44ca78f36fbd90c0c34fa,d77896ba75ab45b88c55df8b77d1b6bb,pedestrian,0,0,0,0
22,456ec36cb4a44ca78f36fbd90c0c34fa,66f1a5ad38cb4c208d801e34adf49331,car,0,0,0,0
22,456ec36cb4a44ca78f36fbd90c0c34fa,6410adc0aff94d7d9575ef3d0a6b16b7,car,0,0,0,0
22,456ec36cb4a44ca78f36fbd90c0c34fa,e9e3596313c746098c9c28dff02bd0ec,car,0,0,0,0
23,6bfd42cf0aba4f1a94ec11fa43e2dd92,b6e00a5416944f29abe9c6d672eb5c63,car,0,0,0,0
23,6bfd42cf0aba4f1a94ec11fa43e2dd92,f5364f285d7743af81aafeb7999c395b,pedestrian,0,0,0,0
23,6bfd42cf0aba4f1a94ec11fa43e2dd92,a4e4718883584b079d8a91128092ece6,car,1,0,1,0
23,6bfd42cf0aba4f1a94ec11fa43e2dd92,667b88a90c6846678c769ed399d1311f,car,0,0,0,0
23,6bfd42cf0aba4f1a94ec11fa43e2dd92,cf0bbe9678474775a0ae614f923e2d63,car,0,0,0,0
23,6bfd42cf0aba4f1a94ec11fa43e2dd92,dfe28a9ae099410e8aecf87871296327,car,0,0,0,0
23,6bfd42cf0aba4f1a94ec11fa43e2dd92,869c9ba55127486ea436ab789c2ef59f,car,0,0,0,0
23,6bfd42cf0aba4f1a94ec11fa43e2dd92,200854e5f25a467e8c150c916162fa61,car,0,0,0,0
23,6bfd42cf0aba4f1a94ec11fa43e2dd92,67d91c9a1be84537af554b4e467c7cef,car,1,0,1,0
23,6bfd42cf0aba4f1a94ec11fa43e2dd92,95a36cb5f86945d0ab601b1698273033,car,1,0,1,0
23,6bfd42cf0aba4f1a94ec11fa43e2dd92,2f5799f79fe1498aac9cdd3f051332e7,car,0,0,0,0
23,6bfd42cf0aba4f1a94ec11fa43e2dd92,f529e23c4bc9433a849b7aed5a765adf,car,0,0,0,0
23,6bfd42cf0aba4f1a94ec11fa43e2dd92,fc7654576edc47ab9d33b232a66a49e5,car,1,0,1,0
23,6bfd42cf0aba4f1a94ec11fa43e2dd92,256ad42e5c264bd1b269bcd7444ea105,car,1,0,1,0
23,6bfd42cf0aba4f1a94ec11fa43e2dd92,551176390464436c84379634f83c81ef,pedestrian,0,0,0,0
23,6bfd42cf0aba4f1a94ec11fa43e2dd92,33a7fe34cf6e4b1a82c66a854aa7d677,motorcycle,0,0,0,0
23,6bfd42cf0aba4f1a94ec11fa43e2dd92,6bcb66f9a56b4123a6770094bec14fd2,bicycle,0,0,0,0
23,6bfd42cf0aba4f1a94ec11fa43e2dd92,149ba817178846ec901cfa745417a08b,car,0,0,0,0
23,6bfd42cf0aba4f1a94ec11fa43e2dd92,d09a1af85ceb4a818636b582ec8a6667,pedestrian,0,0,0,0
23,6bfd42cf0aba4f1a94ec11fa43e2dd92,7b40652560174698afe45ef723ef3183,truck,0,1,1,0
23,6bfd42cf0aba4f1a94ec11fa43e2dd92,b23d850b9cdb4084a567ecf544090995,car,0,0,0,0
23,6bfd42cf0aba4f1a94ec11fa43e2dd92,2356a03a034a4c3e8ce1e29f4362c251,car,0,1,1,0
23,6bfd42cf0aba4f1a94ec11fa43e2dd92,a36bac33da34400284d6cc8c28f4701f,pedestrian,0,0,0,0
23,6bfd42cf0aba4f1a94ec11fa43e2dd92,73de38f3b6f9474c9b7c484e8140df84,car,0,0,0,0
23,6bfd42cf0aba4f1a94ec11fa43e2dd92,e2a3db3f31974041b8103aa8b4df84a6,car,1,0,1,0
23,6bfd42cf0aba4f1a94ec11fa43e2dd92,8844080345b9489c9b7c645f0031e20b,car,1,0,1,0
24,0af0feb5b1394b928dd13d648de898f5,f89feece4526433898be0bc3495c9f00,car,0,0,0,0
24,0af0feb5b1394b928dd13d648de898f5,619eebcff88448c4acb5e32fbf8450a6,pedestrian,0,0,0,0
24,0af0feb5b1394b928dd13d648de898f5,505a8eb107ad43588ddebadbf83459df,car,1,1,1,1
24,0af0feb5b1394b928dd13d648de898f5,66efb088c5024c9d8554dc14abb579e8,car,1,0,1,0
24,0af0feb5b1394b928dd13d648de898f5,b8720f1211a24561935a82d96d8e1b81,car,0,0,0,0
24,0af0feb5b1394b928dd13d648de898f5,027fd904f8084040a5e6fe90f81bddfb,car,0,0,0,0
24,0af0feb5b1394b928dd13d648de898f5,c9e8aacac33f46c7bfcfed6e26f210da,car,0,0,0,0
24,0af0feb5b1394b928dd13d648de898f5,1b39553aa64143609ddaf8aedf5ed3e1,car,0,0,0,0
24,0af0feb5b1394b928dd13d648de898f5,1343ace4d09a44fdac4ba9e8885dbcd5,car,1,0,1,0
24,0af0feb5b1394b928dd13d648de898f5,d7b35d8d709d46969766b39e0ca5292c,car,0,0,0,0
24,0af0feb5b1394b928dd13d648de898f5,896c052bb65b4e5ba6113e1b87f50717,car,1,0,1,0
24,0af0feb5b1394b928dd13d648de898f5,16ffdd8502af44288d5bc4c424f4f709,car,1,0,1,0
24,0af0feb5b1394b928dd13d648de898f5,99a8a76cff2f4e449aeb4dda0cd479f5,car,1,0,1,0
24,0af0feb5b1394b928dd13d648de898f5,8057238f02e948abab61a643848d45eb,car,0,0,0,0
24,0af0feb5b1394b928dd13d648de898f5,50c1a3d8f94c4ac280bd9ff476195ede,pedestrian,0,0,0,0
24,0af0feb5b1394b928dd13d648de898f5,cbccf3086f274279a6380f23fb54aaf9,motorcycle,0,0,0,0
24,0af0feb5b1394b928dd13d648de898f5,f47629cd48354a61986e739ba28799a4,bicycle,0,0,0,0
24,0af0feb5b1394b928dd13d648de898f5,dce69129e7824cb48a58fd62a794bd4b,car,0,0,0,0
24,0af0feb5b1394b928dd13d648de898f5,fd9b863c4d44402ba2b82174e4118631,pedestrian,1,1,1,1
24,0af0feb5b1394b928dd13d648de898f5,31a29c4468634d159fad287a0bc52105,truck,0,1,1,0
24,0af0feb5b1394b928dd13d648de898f5,d1b6a8755ee14a06a50eb5fffebfc307,car,0,1,1,0
24,0af0feb5b1394b928dd13d648de898f5,aae2eafad853466f9b0ae3339f555dda,pedestrian,0,0,0,0
24,0af0feb5b1394b928dd13d648de898f5,2fdfca92c2be4f23affb6906285dbd12,car,0,0,0,0
24,0af0feb5b1394b928dd13d648de898f5,6d5ba0c851884b1194a5bbde96f7729d,car,1,1,1,1
24,0af0feb5b1394b928dd13d648de898f5,19cfb3b6972a40cc9dc37cb17179a920,car,1,0,1,0
25,61d9340c5ad8418dafe7a4af1b96e6b9,52b037df00a44cd3bdf09d16b22d5b87,car,0,0,0,0
25,61d9340c5ad8418dafe7a4af1b96e6b9,a275652cfe24465f95fc29102f377b65,pedestrian,0,0,0,0
25,61d9340c5ad8418dafe7a4af1b96e6b9,a203e44e0001465abace71210b98d8b1,car,1,1,1,1
25,61d9340c5ad8418dafe7a4af1b96e6b9,eddf1d0fabf64d3b9aa39dafe64705e1,car,0,0,0,0
25,61d9340c5ad8418dafe7a4af1b96e6b9,0dac77f01ffe411487ef7187dc92e1c1,car,1,0,1,0
25,61d9340c5ad8418dafe7a4af1b96e6b9,a6e84cef3ae14e12bb123794042fabaa,car,0,0,0,0
25,61d9340c5ad8418dafe7a4af1b96e6b9,6272d31aa1924f5fb45b3fdca9294511,car,0,0,0,0
25,61d9340c5ad8418dafe7a4af1b96e6b9,92a1b91b2dac494d9f438463688b1675,car,0,0,0,0
25,61d9340c5ad8418dafe7a4af1b96e6b9,bdaa20c0e37740a78d432bc380e32141,car,1,0,1,0
25,61d9340c5ad8418dafe7a4af1b96e6b9,8376455dbec349b6ad75549facdb89d7,car,0,0,0,0
25,61d9340c5ad8418dafe7a4af1b96e6b9,1dafac1f0fd34f45813619c3bfa0b77f,car,1,0,1,0
25,61d9340c5ad8418dafe7a4af1b96e6b9,4fbb80e284874b67bd4369cea80fad2e,car,0,0,0,0
25,61d9340c5ad8418dafe7a4af1b96e6b9,554a9b69f09349369346a800d8a6e27f,car,0,0,0,0
25,61d9340c5ad8418dafe7a4af1b96e6b9,cb4f86e5137f40df93a760087a16221f,car,0,0,0,0
25,61d9340c5ad8418dafe7a4af1b96e6b9,3d94e7892d1e4be18eea349b8663b67a,pedestrian,0,0,0,0
25,61d9340c5ad8418dafe7a4af1b96e6b9,f4609f5e5dda4836936e00b0a4b71958,motorcycle,0,0,0,0
25,61d9340c5ad8418dafe7a4af1b96e6b9,6683c7a9dba34607b933b0d86a7e41b3,bicycle,0,0,0,0
25,61d9340c5ad8418dafe7a4af1b96e6b9,d5ac1b4d89824420af3708139ffd246d,car,1,0,1,0
25,61d9340c5ad8418dafe7a4af1b96e6b9,b19676e529094bc792b263296748ad14,pedestrian,1,0,1,0
25,61d9340c5ad8418dafe7a4af1b96e6b9,a1db8c7d00c3425b92bf0c6367d74568,truck,0,1,1,0
25,61d9340c5ad8418dafe7a4af1b96e6b9,0c698e5a6345452fbb3e2cd87e3b5261,car,0,1,1,0
25,61d9340c5ad8418dafe7a4af1b96e6b9,284493283cb243ed874a02b1a02b55a9,pedestrian,0,0,0,0
25,61d9340c5ad8418dafe7a4af1b96e6b9,33ea6df04c5d4fa6a4b7c92db42ddaa6,car,0,0,0,0
25,61d9340c5ad8418dafe7a4af1b96e6b9,d4ad00fd378042bea4a0f318c22be5e8,car,1,0,1,0
25,61d9340c5ad8418dafe7a4af1b96e6b9,c28c9fb3a11848dd86e5242be150821f,car,1,1,1,1
25,61d9340c5ad8418dafe7a4af1b96e6b9,b302de3fa8604829a9a65e700f0fb8a6,car,0,0,0,0
26,9e7683e8586542a1b6032980c45f15ce,a28ec3d156de4e38b5771eba092b9fec,car,0,0,0,0
26,9e7683e8586542a1b6032980c45f15ce,60926c2d08044dda9e51d1b110855ef0,pedestrian,0,0,0,0
26,9e7683e8586542a1b6032980c45f15ce,865ce2f95c5d4541b958eb9932556372,car,1,1,1,1
26,9e7683e8586542a1b6032980c45f15ce,e7c05a53ad98471b9c01b3b5e34a2c26,car,0,0,0,0
26,9e7683e8586542a1b6032980c45f15ce,c4598171c3254bcf845a142d6cffa9ec,car,0,0,0,0
26,9e7683e8586542a1b6032980c45f15ce,63815702fee54e89ba84792b24a9d44d,car,0,0,0,0
26,9e7683e8586542a1b6032980c45f15ce,02262b496085499b9898e1bd67d14e0d,car,0,0,0,0
26,9e7683e8586542a1b6032980c45f15ce,637f271a2549405b9eed14cdcd4dc642,car,0,0,0,0
26,9e7683e8586542a1b6032980c45f15ce,4f48f6988da34d85bd8079385429b243,car,1,0,1,0
26,9e7683e8586542a1b6032980c45f15ce,56d5766561c34e648a5c55f4703210f1,car,0,0,0,0
26,9e7683e8586542a1b6032980c45f15ce,7d11dcfbe22a42879d167c12d5f66ef9,car,1,0,1,0
26,9e7683e8586542a1b6032980c45f15ce,eecbf0961cf7432e91b62e19e282ba27,car,1,0,1,0
26,9e7683e8586542a1b6032980c45f15ce,23681a48f4594bc48a19154cfe1d238b,car,1,0,1,0
26,9e7683e8586542a1b6032980c45f15ce,faf2632b2f4a4a82af569d2fda027c8f,pedestrian,0,0,0,0
26,9e7683e8586542a1b6032980c45f15ce,286624f514c14c589ebc7821b5547444,motorcycle,0,0,0,0
26,9e7683e8586542a1b6032980c45f15ce,bf7a3c968cc84178baa2daf62c9ab38e,bicycle,0,0,0,0
26,9e7683e8586542a1b6032980c45f15ce,49270700e3ce4d73862817a1c34e4655,car,1,0,1,0
26,9e7683e8586542a1b6032980c45f15ce,e2a054e24a414bc6bdb46730783b701e,pedestrian,1,0,1,0
26,9e7683e8586542a1b6032980c45f15ce,7a2d8d9ead8148e898f198e0632b0934,truck,0,0,0,0
26,9e7683e8586542a1b6032980c45f15ce,f0d3998516ef46b088fcfdd0fb6e1eec,pedestrian,0,0,0,0
26,9e7683e8586542a1b6032980c45f15ce,e36487df3cc448978d01ce0a25789609,car,0,0,0,0
26,9e7683e8586542a1b6032980c45f15ce,fc34b27a5aee4077bc0dff7eea9d2bbf,car,1,0,1,0
26,9e7683e8586542a1b6032980c45f15ce,23ff39b55a544c5a969791ebfcbafb89,car,1,0,1,0
26,9e7683e8586542a1b6032980c45f15ce,5ecb2f1b10084e5f8455be99d4e70899,car,0,0,0,0
27,cc57c1ea80fe46a7abddfdb15654c872,9c25be0ea4904013a0b2f8b43fe10d9e,car,0,0,0,0
27,cc57c1ea80fe46a7abddfdb15654c872,764ef5312269416d841bf2cf0e1d7e1d,pedestrian,0,0,0,0
27,cc57c1ea80fe46a7abddfdb15654c872,b5c51bea11da493ebe1f9850ba8a6fc8,car,1,0,1,0
27,cc57c1ea80fe46a7abddfdb15654c872,7705f749b7f7448bae5011f3df3200cf,car,0,0,0,0
27,cc57c1ea80fe46a7abddfdb15654c872,cd57036be7014ed1b59aea87a10d889b,car,0,0,0,0
27,cc57c1ea80fe46a7abddfdb15654c872,ce80a730d6f84e0bb0e1fc8e56d8cc79,car,0,0,0,0
27,cc57c1ea80fe46a7abddfdb15654c872,ff7f2a3fd19d47eeac63e27b372eb590,car,0,0,0,0
27,cc57c1ea80fe46a7abddfdb15654c872,b7ca0d71f9e3415881175276be12801c,car,1,0,1,0
27,cc57c1ea80fe46a7abddfdb15654c872,f49480b6e74b482a8b5fbafd4741f6ad,car,1,0,1,0
27,cc57c1ea80fe46a7abddfdb15654c872,52409730220c4bdea65c890b1ecb47ed,car,1,0,1,0
27,cc57c1ea80fe46a7abddfdb15654c872,3f540060162b405a85136b3640664522,car,0,0,0,0
27,cc57c1ea80fe46a7abddfdb15654c872,fdf2a1da96de45d0bd3d4576fffb6626,pedestrian,0,0,0,0
27,cc57c1ea80fe46a7abddfdb15654c872,af57a26b2b3340f7a6901700d76a6927,motorcycle,0,0,0,0
27,cc57c1ea80fe46a7abddfdb15654c872,d17de314083c445a88a62957a2f140dc,bicycle,0,0,0,0
27,cc57c1ea80fe46a7abddfdb15654c872,05a18c18fa954adca7d61222279023d5,car,1,0,1,0
27,cc57c1ea80fe46a7abddfdb15654c872,9c5f933edfde4036a0b964ca02fdf50f,pedestrian,1,1,1,1
27,cc57c1ea80fe46a7abddfdb15654c872,558e4a7a63b94753901a315992a78586,truck,1,1,1,1
27,cc57c1ea80fe46a7abddfdb15654c872,a4cbbfe908ce49c597add48e47a5ebeb,pedestrian,0,0,0,0
27,cc57c1ea80fe46a7abddfdb15654c872,cad3e4ff53e54a64bcc223fee8bf0267,car,0,0,0,0
27,cc57c1ea80fe46a7abddfdb15654c872,b10270960a3d4e0aad36e5f762b769ac,car,1,0,1,0
27,cc57c1ea80fe46a7abddfdb15654c872,9e34932db39842e38dca4c58eeee6d9e,car,1,0,1,0
27,cc57c1ea80fe46a7abddfdb15654c872,162ea16e0d9f41e99be10fe12b62e1a7,car,1,0,1,0
28,4cf5d6c3f6ab42aab23f67b5a9782d1a,5197fe9a89e24c9b8f2ae915839b1fcb,car,0,0,0,0
28,4cf5d6c3f6ab42aab23f67b5a9782d1a,6954fe16b117499fa51f29df63622f00,pedestrian,0,0,0,0
28,4cf5d6c3f6ab42aab23f67b5a9782d1a,2dd7da5167f345548508c394c5cb7b48,car,0,0,0,0
28,4cf5d6c3f6ab42aab23f67b5a9782d1a,9f719f6a13ca45d68270c43ad25ea146,car,0,0,0,0
28,4cf5d6c3f6ab42aab23f67b5a9782d1a,141bbe1c072c4e6093733b8916a9674d,car,1,0,1,0
28,4cf5d6c3f6ab42aab23f67b5a9782d1a,34d4b5d5bc984a05b3a1e4250a180bbb,car,0,0,0,0
28,4cf5d6c3f6ab42aab23f67b5a9782d1a,bc4afeb0c59644b491e4173953136cf0,car,0,0,0,0
28,4cf5d6c3f6ab42aab23f67b5a9782d1a,77f30e7ca9de444bbd4d5b8e72548175,car,1,0,1,0
28,4cf5d6c3f6ab42aab23f67b5a9782d1a,2642190d92cb4fee8007bd69bf2c7547,car,1,0,1,0
28,4cf5d6c3f6ab42aab23f67b5a9782d1a,350392730d3c461abcd29a2538d4623f,car,0,1,1,0
28,4cf5d6c3f6ab42aab23f67b5a9782d1a,87b330efdbda41b1aa7f272ad82799d7,car,1,0,1,0
28,4cf5d6c3f6ab42aab23f67b5a9782d1a,23fa022692a54bfa9f75e2a0d8107c2b,pedestrian,0,0,0,0
28,4cf5d6c3f6ab42aab23f67b5a9782d1a,594334089ece4a7284ed65fb6d8eddda,motorcycle,0,0,0,0
28,4cf5d6c3f6ab42aab23f67b5a9782d1a,7f40a5031364442ea8cd009f177b1a66,bicycle,0,0,0,0
28,4cf5d6c3f6ab42aab23f67b5a9782d1a,7a202255fd2b43fcbfaac29f50cf09dd,car,1,1,1,1
28,4cf5d6c3f6ab42aab23f67b5a9782d1a,38147ea8739445e5a131af5a50f6f9ea,pedestrian,1,1,1,1
28,4cf5d6c3f6ab42aab23f67b5a9782d1a,e1e7647623d64b64b3835a27c01aa4ed,truck,1,1,1,1
28,4cf5d6c3f6ab42aab23f67b5a9782d1a,8653dd7b97f74ee49613d87dfa693763,pedestrian,0,0,0,0
28,4cf5d6c3f6ab42aab23f67b5a9782d1a,bc0008ae6df5418f96589cc416bfa07e,car,1,0,1,0
28,4cf5d6c3f6ab42aab23f67b5a9782d1a,610f0ee70299414a886c0a7e9fb565b0,car,1,0,1,0
28,4cf5d6c3f6ab42aab23f67b5a9782d1a,b27b5895754f4517b8e7f5396ab8a827,car,0,0,0,0
28,4cf5d6c3f6ab42aab23f67b5a9782d1a,65d80c1240e84a999fe17d94e0294af9,car,1,1,1,1
29,6d9984d09d52479e837da2fd09e192cc,4dc8ca6e1a88492d8d6d41e6092ea253,car,0,0,0,0
29,6d9984d09d52479e837da2fd09e192cc,cc595a7ebd0e47d09a8be79b6b32f06d,pedestrian,0,0,0,0
29,6d9984d09d52479e837da2fd09e192cc,29fa868e78f14a558b07620c06a73d60,car,0,1,1,0
29,6d9984d09d52479e837da2fd09e192cc,826dc68a40914e53b02cacb44544ebcc,car,0,0,0,0
29,6d9984d09d52479e837da2fd09e192cc,e52e452ccd35417793a3c1313b70050c,car,1,0,1,0
29,6d9984d09d52479e837da2fd09e192cc,9045a6f999c34d389b2f80994de17925,car,0,0,0,0
29,6d9984d09d52479e837da2fd09e192cc,9445961fe2e54ba99d3e453d23f0d938,car,0,0,0,0
29,6d9984d09d52479e837da2fd09e192cc,a11a3e4c17674d63a4fa78a9fe4780bc,car,1,0,1,0
29,6d9984d09d52479e837da2fd09e192cc,fe6389df4c3b415abb7025a45ead25f0,car,1,0,1,0
29,6d9984d09d52479e837da2fd09e192cc,da77e1b8704742b7ab97e8d8d77713e2,car,1,1,1,1
29,6d9984d09d52479e837da2fd09e192cc,ac011b1289794069a2f05a6476d278d9,car,1,0,1,0
29,6d9984d09d52479e837da2fd09e192cc,b44c80c0deda42f3af554196e84f0b84,pedestrian,0,0,0,0
29,6d9984d09d52479e837da2fd09e192cc,e591eb1a5c8e4e5b9383284b6206b5d1,motorcycle,0,0,0,0
29,6d9984d09d52479e837da2fd09e192cc,bd3df82075ac4930997761cbde66f005,bicycle,0,0,0,0
29,6d9984d09d52479e837da2fd09e192cc,35c1d41d2be94cf2aab35916465471ef,car,1,1,1,1
29,6d9984d09d52479e837da2fd09e192cc,5e54fc48955e44038d200fb47d049202,pedestrian,0,1,1,0
29,6d9984d09d52479e837da2fd09e192cc,fdf3f3d8330d43259f7e33c0f37350b8,truck,0,1,1,0
29,6d9984d09d52479e837da2fd09e192cc,dae3f358985b465aaa05fac9ed07c194,pedestrian,0,0,0,0
29,6d9984d09d52479e837da2fd09e192cc,60cb7892041640b4aee7180cb959b02f,car,1,0,1,0
29,6d9984d09d52479e837da2fd09e192cc,e1c88b56a7df4c5d90d9bb1360e000e4,car,1,0,1,0
29,6d9984d09d52479e837da2fd09e192cc,dd9e7bd189024b34b608f6a93297638b,car,1,0,1,0
30,38a28a3aaf2647f2a8c0e90e31267bf8,f683a1841e0c42fda67d2ed94888f48b,car,0,0,0,0
30,38a28a3aaf2647f2a8c0e90e31267bf8,58065812e5514f1d9b243a339cf700f6,pedestrian,0,0,0,0
30,38a28a3aaf2647f2a8c0e90e31267bf8,9d02eb7811744324b378c7af16c71b6a,car,0,0,0,0
30,38a28a3aaf2647f2a8c0e90e31267bf8,b7865d22253947d186a0c7f4cdf68f20,car,0,0,0,0
30,38a28a3aaf2647f2a8c0e90e31267bf8,5c880afe0c104c4a97aa205a6c793271,car,1,0,1,0
30,38a28a3aaf2647f2a8c0e90e31267bf8,6c775c3e72d74122b6762232bf65cc1b,car,0,0,0,0
30,38a28a3aaf2647f2a8c0e90e31267bf8,8ca60ef8983e494d979332a970cd8582,car,1,0,1,0
30,38a28a3aaf2647f2a8c0e90e31267bf8,032bfb3e39dd4cd09ec3fbba882908ca,car,1,1,1,1
30,38a28a3aaf2647f2a8c0e90e31267bf8,e896a85346cf40ef93a0ad5a7b789bbe,car,1,1,1,1
30,38a28a3aaf2647f2a8c0e90e31267bf8,8815b128557048f9a03ecee9b2b43c08,car,0,1,1,0
30,38a28a3aaf2647f2a8c0e90e31267bf8,05a3071f17fc47269f53f3fc5dffbc67,pedestrian,0,0,0,0
30,38a28a3aaf2647f2a8c0e90e31267bf8,5935a562cf0a48b1a5810b5ee55f3f92,motorcycle,0,0,0,0
30,38a28a3aaf2647f2a8c0e90e31267bf8,1ef4e3e3be784961a83f751b313e0928,bicycle,0,1,1,0
30,38a28a3aaf2647f2a8c0e90e31267bf8,557834cca1e74666a11abe2f20a5e57f,car,1,1,1,1
30,38a28a3aaf2647f2a8c0e90e31267bf8,7a1b7bda2aa2471bb9dc6886058d2b6b,truck,1,0,1,0
30,38a28a3aaf2647f2a8c0e90e31267bf8,feb9a3aaf9904316be5d06fe6ee7d9e3,pedestrian,0,0,0,0
30,38a28a3aaf2647f2a8c0e90e31267bf8,af654d553cd545caaf531d07db4fffe8,car,1,0,1,0
30,38a28a3aaf2647f2a8c0e90e31267bf8,b92a518752ae462baac2026b7d3a2349,car,1,0,1,0
30,38a28a3aaf2647f2a8c0e90e31267bf8,fd5c50c8fd884ee5bbc987f0c8a8b68a,car,1,1,1,1
31,6402fd1ffaf041d0b9162bd92a7ba0a2,13d816a5f1334200996f2d35422a16f0,pedestrian,0,0,0,0
31,6402fd1ffaf041d0b9162bd92a7ba0a2,63cf31517374431cb1c7dd4062142bec,car,0,0,0,0
31,6402fd1ffaf041d0b9162bd92a7ba0a2,ed5945d2d65440b2a2472c3d722bb72c,car,0,1,1,0
31,6402fd1ffaf041d0b9162bd92a7ba0a2,6cb05841f3174ddcba6c322b500e06db,car,0,0,0,0
31,6402fd1ffaf041d0b9162bd92a7ba0a2,6c381b517e4d45f2b9ffb9030feaa01e,car,0,0,0,0
31,6402fd1ffaf041d0b9162bd92a7ba0a2,9fc384332eb14f50b28614b1415e7938,car,1,0,1,0
31,6402fd1ffaf041d0b9162bd92a7ba0a2,be5988546ba3499bb3f2fa29816cf100,car,1,1,1,1
31,6402fd1ffaf041d0b9162bd92a7ba0a2,2925421374924b60be1757919b34c85b,car,1,1,1,1
31,6402fd1ffaf041d0b9162bd92a7ba0a2,4f5ac17ac6754001bce5ba0f0cb416cb,car,0,0,0,0
31,6402fd1ffaf041d0b9162bd92a7ba0a2,16c86dd0945d4d47b02ff8f373efb16b,pedestrian,0,0,0,0
31,6402fd1ffaf041d0b9162bd92a7ba0a2,3514fd1d976444fb824c813435179578,bicycle,0,1,1,0
31,6402fd1ffaf041d0b9162bd92a7ba0a2,166d18c922f94e9486e90a04501bc2be,car,1,1,1,1
31,6402fd1ffaf041d0b9162bd92a7ba0a2,dd70003581344cfca914bba2a80a26a2,truck,0,1,1,0
31,6402fd1ffaf041d0b9162bd92a7ba0a2,194030344ab248588b24f94112ff9881,pedestrian,0,0,0,0
31,6402fd1ffaf041d0b9162bd92a7ba0a2,5ed174d4b77844479ef06fbd0cf99f26,car,0,0,0,0
31,6402fd1ffaf041d0b9162bd92a7ba0a2,003598c7974f4c6da2b3a6b716469e62,car,1,0,1,0
31,6402fd1ffaf041d0b9162bd92a7ba0a2,cb206c463344406584b74a53cc8db680,car,1,1,1,1
32,ce94ef7a0522468e81c0e2b3a2f1e12d,9ca5bf56957a470494efe6ae55912c40,pedestrian,0,0,0,0
32,ce94ef7a0522468e81c0e2b3a2f1e12d,5d04c8cf1410495a995838388340df7c,car,0,0,0,0
32,ce94ef7a0522468e81c0e2b3a2f1e12d,972fdb39edee453a97d8c40cc3f09727,car,1,1,1,1
32,ce94ef7a0522468e81c0e2b3a2f1e12d,136e0951c35944c19e4fc9a814cfa827,car,0,0,0,0
32,ce94ef7a0522468e81c0e2b3a2f1e12d,172c570608104d1aa9f269a19c526b0d,car,0,0,0,0
32,ce94ef7a0522468e81c0e2b3a2f1e12d,0e5eaebbfe57496e91fbedeae4a702b2,car,0,1,1,0
32,ce94ef7a0522468e81c0e2b3a2f1e12d,3cb666f4ff1c464ebc4fa723f7a5a4d0,car,1,1,1,1
32,ce94ef7a0522468e81c0e2b3a2f1e12d,0451528e554d4571958cf3e6aa35836e,car,1,0,1,0
32,ce94ef7a0522468e81c0e2b3a2f1e12d,ad64f43742db4dc180745ba287ee2751,pedestrian,1,0,1,0
32,ce94ef7a0522468e81c0e2b3a2f1e12d,0e284e7cda994217b3f58499303c1d56,bicycle,0,1,1,0
32,ce94ef7a0522468e81c0e2b3a2f1e12d,6b1e455619c141cc8e91a3e3378a4d66,car,1,1,1,1
32,ce94ef7a0522468e81c0e2b3a2f1e12d,1071e3de162c4a2ba554d694df901dfc,truck,1,1,1,1
32,ce94ef7a0522468e81c0e2b3a2f1e12d,a10bd1ee73a744cdaf17e696bc7558fa,pedestrian,0,0,0,0
32,ce94ef7a0522468e81c0e2b3a2f1e12d,7dc527adb338495a8e95336e954848c1,car,0,0,0,0
32,ce94ef7a0522468e81c0e2b3a2f1e12d,31a0ba3812154bd9b5b170c2518481e5,car,1,0,1,0
32,ce94ef7a0522468e81c0e2b3a2f1e12d,f53d0331687f4fcba601150e4d36c7da,car,1,1,1,1
33,9fcdc52b791045e99c623c5fc643331f,2f50a3dd788d450f944b17a7d3704ac1,pedestrian,0,0,0,0
33,9fcdc52b791045e99c623c5fc643331f,7ca364a47af84850b99b7e919ba5a454,car,0,1,1,0
33,9fcdc52b791045e99c623c5fc643331f,91e8fafc597346cc9cdc3720a836f1f4,car,1,0,1,0
33,9fcdc52b791045e99c623c5fc643331f,952e7de8898c4e8db41c9e34f90917c4,car,1,1,1,1
33,9fcdc52b791045e99c623c5fc643331f,39e2b4c4abad4294a2edb9f8e94a24ff,car,0,0,0,0
33,9fcdc52b791045e99c623c5fc643331f,1496a486c7774ba6b2f0b3243945aaed,car,1,1,1,1
33,9fcdc52b791045e99c623c5fc643331f,dfbe19c2df3a40b5bf176798a9c4dd18,car,0,0,0,0
33,9fcdc52b791045e99c623c5fc643331f,282ea13b18c2409389a039c291df4f05,car,1,1,1,1
33,9fcdc52b791045e99c623c5fc643331f,22a244062a7942038f05af4fd81e859c,bicycle,0,1,1,0
33,9fcdc52b791045e99c623c5fc643331f,4b8c293b89d44476824fb8f01c22e378,car,1,1,1,1
33,9fcdc52b791045e99c623c5fc643331f,a41b1c461dff42df82d6d199ecf2d999,truck,1,1,1,1
33,9fcdc52b791045e99c623c5fc643331f,15eb4619468e45e4bb42f3e2ffd7b158,pedestrian,0,0,0,0
33,9fcdc52b791045e99c623c5fc643331f,ce899cc23a3c40b4b206012a5a818882,car,1,0,1,0
33,9fcdc52b791045e99c623c5fc643331f,bc7c9ed6f6684558ae746b459b77f0e3,car,1,1,1,1
33,9fcdc52b791045e99c623c5fc643331f,297f320f71ba413bb3e2ebfadca1237e,car,1,1,1,1
34,1c9a906c40f6417bbe1cea06d6e55501,2b8e83f5b6284dc09c9f14e412ead58f,pedestrian,0,0,0,0
34,1c9a906c40f6417bbe1cea06d6e55501,617ef0b2f610496a90ace304760e22b6,car,1,0,1,0
34,1c9a906c40f6417bbe1cea06d6e55501,89dd2f2ed4074470a3ba32a77dfc33ee,car,1,0,1,0
34,1c9a906c40f6417bbe1cea06d6e55501,5c2bf192c31a46c48f006b8ab6cee00d,car,1,1,1,1
34,1c9a906c40f6417bbe1cea06d6e55501,b4998f18e4f646be96777afd3738af60,car,1,0,1,0
34,1c9a906c40f6417bbe1cea06d6e55501,30863ff3783f4a2cbe7c48a7fbfe2a6f,car,0,0,0,0
34,1c9a906c40f6417bbe1cea06d6e55501,7fecff667c6e4984ae6342862b07f81a,car,1,1,1,1
34,1c9a906c40f6417bbe1cea06d6e55501,ac738295f21345659ff9ecf5ae6eab4d,car,0,0,0,0
34,1c9a906c40f6417bbe1cea06d6e55501,cac30e7005594e5d84e909849e990314,car,1,0,1,0
34,1c9a906c40f6417bbe1cea06d6e55501,42c01aa13ef94c4ab256b2dd10167d8b,car,1,1,1,1
34,1c9a906c40f6417bbe1cea06d6e55501,68fb470ba6274ec391428a5fcdb2f23c,truck,1,1,1,1
34,1c9a906c40f6417bbe1cea06d6e55501,a2e392f46eb243c1b65524093531f165,pedestrian,0,0,0,0
34,1c9a906c40f6417bbe1cea06d6e55501,fa657c181f3943fcaa5febf72955b8f8,car,1,0,1,0
34,1c9a906c40f6417bbe1cea06d6e55501,79d5c7095ade40c59d2133b3aba339c7,car,1,0,1,0
34,1c9a906c40f6417bbe1cea06d6e55501,23ae3388193e4b20b00e0c9dd5e5fa07,car,0,1,1,0
35,a771effa2a2648d78096c3e92b95b129,2d45a8e4d3ba48418a034945e0596b62,pedestrian,0,0,0,0
35,a771effa2a2648d78096c3e92b95b129,6bdc0ac6f6e64cc7bb039cc60f0a778a,car,0,0,0,0
35,a771effa2a2648d78096c3e92b95b129,bf448e22b1cb4512984274bc496c2680,car,1,0,1,0
35,a771effa2a2648d78096c3e92b95b129,d1c89996bf974ab78fa3c00b3cbc4e33,car,1,0,1,0
35,a771effa2a2648d78096c3e92b95b129,ca895bc6ab8a4cbb87f811ffe9b6be40,car,1,1,1,1
35,a771effa2a2648d78096c3e92b95b129,ebc22841e2f0434d9586a8cd01aa0ec0,car,1,0,1,0
35,a771effa2a2648d78096c3e92b95b129,4a70062c1a8545c9a8eba74552124949,car,0,0,0,0
35,a771effa2a2648d78096c3e92b95b129,787d2dbcaa834d19ade85bc8d716c85d,car,1,1,1,1
35,a771effa2a2648d78096c3e92b95b129,25a8b591ea194c438be71fe89737b243,car,1,0,1,0
35,a771effa2a2648d78096c3e92b95b129,25eab66cc9354f1da3ffc3e0b7c512a6,car,1,1,1,1
35,a771effa2a2648d78096c3e92b95b129,a8b4f809689a4122b023f30a842203ec,car,0,1,1,0
35,a771effa2a2648d78096c3e92b95b129,0cd7682a2e72418fb5d076bf4467c932,truck,1,1,1,1
35,a771effa2a2648d78096c3e92b95b129,bf00349d7cb24b74963709ede740834c,pedestrian,0,0,0,0
35,a771effa2a2648d78096c3e92b95b129,6d9cf63521be45d5baf92aeb87225518,car,0,0,0,0
35,a771effa2a2648d78096c3e92b95b129,e833fa316b48409ba94d3c7fc6b093e4,car,1,1,1,1
36,b9ea04a6121d4a8bb00199b885aa5ef0,a5c79af7b496410eaac0cf2e29d3e002,pedestrian,0,0,0,0
36,b9ea04a6121d4a8bb00199b885aa5ef0,10b187aba9184d8182ca29fc15f178d3,car,0,0,0,0
36,b9ea04a6121d4a8bb00199b885aa5ef0,940eaf8f8b7e4bcca2b2a89350791a6e,car,1,0,1,0
36,b9ea04a6121d4a8bb00199b885aa5ef0,7a0b5ac924aa47829aca79d3abffa9b9,car,1,0,1,0
36,b9ea04a6121d4a8bb00199b885aa5ef0,eb50a48390324ea08ff8a882abccd4b6,car,1,0,1,0
36,b9ea04a6121d4a8bb00199b885aa5ef0,003216fc8285425fb69314bb755a634b,car,0,0,0,0
36,b9ea04a6121d4a8bb00199b885aa5ef0,57f9ccea0d65441fab4fe0da8b65ea9c,car,1,0,1,0
36,b9ea04a6121d4a8bb00199b885aa5ef0,403563a8840949549fa7acfde8fcb24a,car,1,0,1,0
36,b9ea04a6121d4a8bb00199b885aa5ef0,f20ac776ad2d4daaa0c0ece899193db7,car,1,0,1,0
36,b9ea04a6121d4a8bb00199b885aa5ef0,34a904eea4e44853aad538f557ec1953,car,1,1,1,1
36,b9ea04a6121d4a8bb00199b885aa5ef0,4dbf14155a52467c987e840422abbd48,truck,0,0,0,0
36,b9ea04a6121d4a8bb00199b885aa5ef0,20b41c06225148b28a7ddc2f50b1e52c,pedestrian,0,0,0,0
36,b9ea04a6121d4a8bb00199b885aa5ef0,7946939593de4c2ea4b1e51fa402e1f4,car,1,0,1,0
36,b9ea04a6121d4a8bb00199b885aa5ef0,f2dbcd205af8416283b1ef114fa71024,car,1,0,1,0
37,87e772078a494d42bd34cd16172808bc,145dfc6637c446088ccdece610601cdc,car,0,0,0,0
37,87e772078a494d42bd34cd16172808bc,b1b8005fa0274a1c8c7c34eac0d39fe5,pedestrian,0,0,0,0
37,87e772078a494d42bd34cd16172808bc,59cfe8f1c1a2471da807a05f8294c7fd,bicycle,0,0,0,0
37,87e772078a494d42bd34cd16172808bc,c3266c41303b488ab25be9f12ef360e3,car,1,0,1,0
37,87e772078a494d42bd34cd16172808bc,1ead0cd566e141799d6507e273b49ff6,car,1,0,1,0
37,87e772078a494d42bd34cd16172808bc,eb2329ede7804a47be2ee7db95a709b6,car,1,0,1,0
37,87e772078a494d42bd34cd16172808bc,13d0f8036ef342f996a1c2346d79fd21,car,1,1,1,1
37,87e772078a494d42bd34cd16172808bc,c033f43a7a42466fa6ae93996618da7a,car,0,0,0,0
37,87e772078a494d42bd34cd16172808bc,bed0d4551d814b15ad97bf072182fb43,car,0,0,0,0
37,87e772078a494d42bd34cd16172808bc,fa2ff3c70767431099232c32dcbcbfa7,car,0,0,0,0
37,87e772078a494d42bd34cd16172808bc,bd84a16ac2d5435ebd060918c7cca352,car,1,0,1,0
37,87e772078a494d42bd34cd16172808bc,af7e1d4f757c46c3a69d1321b8c54ad9,car,1,1,1,1
37,87e772078a494d42bd34cd16172808bc,70e05705426146458006c17fbd8065d1,pedestrian,0,0,0,0
37,87e772078a494d42bd34cd16172808bc,00c08a2e396a47c6aae90f0afde8e5e4,car,1,0,1,0
37,87e772078a494d42bd34cd16172808bc,0a12e4d753a249fb828a002ddf7b3153,car,1,0,1,0
38,f40544fd4f5d42abbcfa948eeaf86850,0929d3f9288347f5a564cd2824425fae,car,0,0,0,0
38,f40544fd4f5d42abbcfa948eeaf86850,69f555aaeec14c66848195199a83a406,bicycle,1,0,1,0
38,f40544fd4f5d42abbcfa948eeaf86850,d2d6f46fec2c4f50b228d67b5d67c702,car,0,0,0,0
38,f40544fd4f5d42abbcfa948eeaf86850,12ef6ef6a8644f2d90f3b654b89601cc,car,1,0,1,0
38,f40544fd4f5d42abbcfa948eeaf86850,ba7b070e22e247988e419bbbecbd33b0,car,1,0,1,0
38,f40544fd4f5d42abbcfa948eeaf86850,b0b215e421704d83ad380ebc54e949b2,car,1,0,1,0
38,f40544fd4f5d42abbcfa948eeaf86850,cd87d663a41d4afaa17f6c3bddef94ce,car,1,0,1,0
38,f40544fd4f5d42abbcfa948eeaf86850,26f946810b5d4334a9bb4250044513df,car,1,1,1,1
38,f40544fd4f5d42abbcfa948eeaf86850,cba0c49b5bef4243be47e13f0fc918f0,car,0,0,0,0
38,f40544fd4f5d42abbcfa948eeaf86850,0c21644e56cc4114b921719699cbbee7,car,1,0,1,0
38,f40544fd4f5d42abbcfa948eeaf86850,aefa484c3e754c20adfe1ccd70d0beb0,car,1,0,1,0
38,f40544fd4f5d42abbcfa948eeaf86850,1f684ae8581549f7ac5b7499c9730cba,car,1,0,1,0
38,f40544fd4f5d42abbcfa948eeaf86850,48a8d211f438426f9e310314e3f0d880,car,0,0,0,0
39,281b92269fd648d4b52d06ac06ca6d65,975b42d2c0e54f28ba81b22c3317d265,car,1,1,1,1
39,281b92269fd648d4b52d06ac06ca6d65,27ef239740a048289c73a1aa27ea9c62,car,1,0,1,0
39,281b92269fd648d4b52d06ac06ca6d65,f1ea1a7d38f345ca9cd52878a3a8515a,car,1,0,1,0
39,281b92269fd648d4b52d06ac06ca6d65,bd31e0c921e94a1d872eb67c3f934434,car,1,1,1,1
39,281b92269fd648d4b52d06ac06ca6d65,16bdcc3ab98e4da9ab4ecae4e0106382,car,1,1,1,1
39,281b92269fd648d4b52d06ac06ca6d65,35f4e53cc2f8420e8646d461bce81456,car,1,0,1,0
39,281b92269fd648d4b52d06ac06ca6d65,17d731e315014c64a9276e72be9bd056,car,0,0,0,0
39,281b92269fd648d4b52d06ac06ca6d65,141b5d39a9fe4ac7990b429c33d1155a,car,1,1,1,1
